plant_genus_species,collectors,abscission_num,herbarium,date,state,county,notes,barcode,ch_leafremoved,skel,unknown.lesions,stippling,blotch.mine,serpentine.mine,leafminer.oviholes,leaf.galls,leaf.roller,sooty.mould,aphids,spidermites,softscaleinsects,leafremoved.binary,totalwchewing,totalwchewing.binary
vaccinium_corymbosum,ML_Fernald,,NEBC,8/18/1900,Maine,Penobscot,,519112,2,2,2,0,0,0,0,0,0,0,0,0,0,,,
vaccinium_corymbosum,ML_Fernald,,NEBC,8/18/1900,Maine,Penobscot,,519113,1,1,1,0,0,0,0,0,0,0,0,0,0,,,
vaccinium_corymbosum,ML_Fernald,,NEBC,8/18/1900,Maine,Penobscot,,519114,1,1,3,0,0,0,0,0,0,0,0,0,0,,,
vaccinium_corymbosum,"ML_Fernald, B_Long",,AA,7/27/1916,Maine,Penobscot,,519115,0,0,1,0,0,0,0,0,0,0,0,0,0,,,
vaccinium_corymbosum,"ML_Fernald, B_Long",,NEBC,7/27/1916,Maine,Penobscot,,519116,1,0,0,0,0,0,0,0,0,0,0,0,0,,,
vaccinium_corymbosum,"ML_Fernald, B_Long",,NEBC,7/27/1916,Maine,Penobscot,,519117,2,0,1,0,0,0,0,0,0,0,0,0,0,,,
vaccinium_corymbosum,"ML_Fernald, B_Long",,NEBC,7/27/1916,Maine,Penobscot,,519118,2,0,1,0,0,0,0,0,0,0,0,0,0,,,
vaccinium_corymbosum,ML_Fernald,,GH,6/9/1890,Maine,Penobscot,,519119,0,0,0,0,0,0,0,0,0,0,0,0,0,,,
vaccinium_corymbosum,ML_Fernald,,GH,6/9/1890,Maine,Penobscot,,519120,1,0,0,0,0,0,0,0,0,0,0,0,0,,,
vaccinium_corymbosum,ML_Fernald,,NEBC,6/14/1890,Maine,Penobscot,,519121,1,0,1,0,0,0,0,0,0,0,0,0,0,,,
vaccinium_corymbosum,ML_Fernald,,NEBC,7/9/1891,Maine,Penobscot,,519122,4,0,0,0,0,0,0,0,0,0,0,0,0,,,
vaccinium_corymbosum,ML_Fernald,,NEBC,6/9/1890,Maine,Penobscot,,519123,1,1,0,0,0,0,0,0,0,0,0,0,0,,,
vaccinium_corymbosum,ED_Merrill,,NEBC,5/22/1896,Maine,Penobscot,,519125,1,0,0,0,0,0,0,0,0,0,0,0,0,,,
vaccinium_corymbosum,ML_Fernald,,NEBC,9/20/1900,Maine,Piscataquis,,519126,1,0,1,0,0,0,0,0,0,0,0,0,0,,,
vaccinium_corymbosum,ML_Fernald,,NEBC,9/21/1900,Maine,Piscataquis,,519127,3,0,2,0,0,0,0,0,0,0,0,0,0,,,
vaccinium_corymbosum,CH_Knowlton,,NEBC,7/31/1937,Maine,Franklin,,519128,0,0,0,0,0,0,0,0,0,0,0,0,0,,,
vaccinium_corymbosum,W_Deane,,NEBC,8/12/1901,Maine,Franklin,,519129,1,0,1,0,0,0,0,0,0,0,0,0,0,,,
vaccinium_corymbosum,ML_Fernald,,NEBC,8/13/1894,Maine,Franklin,,519130,0,0,1,0,0,0,0,0,0,0,0,0,0,,,
vaccinium_corymbosum,AS_Pease,,NEBC,7/18/1939,Maine,Oxford,,519137,3,0,1,0,0,0,0,0,0,0,0,0,0,,,
vaccinium_corymbosum,"J_Cayouette, R_Gauthier",,GH,8/13/1975,Maine,Oxford,,519138,2,1,0,0,0,0,0,0,0,0,0,0,0,,,
vaccinium_corymbosum,CH_Knowlton,,NEBC,8/17/1904,Maine,Oxford,,519139,3,0,1,0,0,0,0,0,0,0,0,0,0,,,
vaccinium_corymbosum,AS_Pease,,NEBC,8/30/1924,Maine,Oxford,,519140,1,1,0,0,0,0,0,0,0,0,0,0,0,,,
vaccinium_corymbosum,AS_Pease,,NEBC,8/17/1949,Maine,Oxford,,519141,2,0,1,0,0,0,0,0,0,0,0,0,0,,,
vaccinium_corymbosum,"JP_Bill, RJ_Eaton, ML_Fernald, L_Griscom, FW_Hunnewell",,NEBC,8/13/1931,Maine,Oxford,,519142,3,0,0,0,0,0,0,0,0,0,0,0,0,,,
vaccinium_corymbosum,AS_Pease,,NEBC,8/30/1918,Maine,Oxford,,519143,3,3,2,1,0,0,0,0,0,0,0,0,0,,,
vaccinium_corymbosum,CA_Weatherby,,NEBC,7/7/1914,Maine,Oxford,,519144,0,0,1,1,0,0,0,0,0,0,0,0,0,,,
vaccinium_corymbosum,J_Parlin,,GH,7/14/1890,Maine,Oxford,,519145,0,0,0,0,0,0,0,0,0,0,0,0,0,,,
vaccinium_corymbosum,J_Parlin,,NEBC,7/14/1891,Maine,Oxford,,519147,0,0,0,0,0,0,0,0,0,0,0,0,0,,,
vaccinium_corymbosum,CS_Campbell,,NEBC,7/14/1975,Maine,Oxford,,519148,1,0,5,0,0,0,0,0,0,0,0,0,0,,,
vaccinium_corymbosum,ML_Fernald,,NEBC,7/22/1909,Maine,Washington,,519149,2,0,1,0,0,0,0,0,0,0,0,0,0,,,
vaccinium_corymbosum,CH_Knowlton,,NEBC,8/2/1916,Maine,Washington,,519150,2,0,0,0,0,0,0,0,0,0,0,0,0,,,
vaccinium_corymbosum,CH_Knowlton,,NEBC,8/9/1919,Maine,Washington,,519151,4,3,0,0,0,0,0,0,0,0,0,0,0,,,
vaccinium_corymbosum,CH_Knowlton,,NEBC,8/4/1941,Maine,Washington,,519152,0,0,1,0,0,0,0,0,0,0,0,0,0,,,
vaccinium_corymbosum,CH_Knowlton,,NEBC,8/5/1941,Maine,Washington,,519153,4,0,2,0,0,0,0,0,0,0,0,0,0,,,
vaccinium_corymbosum,ML_Fernald,,NEBC,7/20/1909,Maine,Washington,,519154,2,0,0,0,0,0,0,0,0,0,0,0,0,,,
vaccinium_corymbosum,ML_Fernald,,GH,7/20/1909,Maine,Washington,,519155,2,1,1,0,0,0,0,0,0,0,0,0,0,,,
vaccinium_corymbosum,ML_Fernald,,NEBC,7/20/1909,Maine,Washington,,519156,1,1,0,0,0,0,0,0,0,0,0,0,0,,,
vaccinium_corymbosum,EC_Bicknell,,NEBC,8/26/1966,Maine,Waldo,,519173,1,0,4,0,0,0,0,0,0,0,0,0,0,,,
vaccinium_corymbosum,RC_Bean,,NEBC,7/23/1940,Maine,Waldo,,519174,1,0,0,0,0,0,0,0,0,0,0,0,0,,,
vaccinium_corymbosum,NT_Ridder,,NEBC,8/31/1920,Maine,Knox,,519175,0,0,4,0,0,0,0,0,0,0,0,0,0,,,
vaccinium_corymbosum,AS_Pease,,NEBC,9/2/1902,Maine,Knox,,519176,2,0,4,0,0,0,0,0,0,0,0,0,0,,,
vaccinium_corymbosum,AS_Pease,,NEBC,9/2/1902,Maine,Knox,,519177,1,0,5,0,0,0,0,0,0,0,0,0,0,,,
vaccinium_corymbosum,AE_Long,,NEBC,8/15/1920,Maine,Knox,,519178,4,0,1,0,0,0,0,0,0,0,0,0,0,,,
vaccinium_corymbosum,AE_Long,,NEBC,8/15/1920,Maine,Knox,,519179,5,0,1,0,0,0,0,0,0,0,0,0,0,,,
vaccinium_corymbosum,AE_Long,,NEBC,8/22/1920,Maine,Knox,,519180,1,0,0,0,0,0,0,0,0,0,0,0,0,,,
vaccinium_corymbosum,AE_Long,,NEBC,9/15/1920,Maine,Knox,,519181,4,0,4,0,0,0,0,0,0,0,0,0,0,,,
vaccinium_corymbosum,AE_Long,,NEBC,7/2/1920,Maine,Knox,,519182,1,0,0,0,0,0,0,0,0,0,0,0,0,,,
vaccinium_corymbosum,AE_Long,,NEBC,8/31/1920,Maine,Knox,,519183,2,0,2,0,0,0,0,0,0,0,0,0,0,,,
vaccinium_corymbosum,LA_Cole,,AA,7/14/1918,Maine,Knox,,519184,3,0,0,0,0,0,0,0,0,0,0,0,0,,,
vaccinium_corymbosum,EB_Chamberlain,,NEBC,7/13/1897,Maine,Lincoln,,519185,1,1,0,0,0,0,0,0,0,0,0,0,0,,,
vaccinium_corymbosum,JR_Churchill,,NEBC,9/3/1921,Maine,Lincoln,,519186,4,0,0,0,0,0,0,0,0,0,0,0,0,,,
vaccinium_corymbosum,"D_Potter, WB_Brierly",,GH,6/6/1931,Maine,Lincoln,,519187,0,0,0,0,0,0,0,0,0,0,0,0,0,,,
vaccinium_corymbosum,"D_Potter, WB_Brierly",,GH,6/6/1931,Maine,Lincoln,,519188,0,0,0,0,0,0,0,0,0,0,0,0,0,,,
vaccinium_corymbosum,"D_Potter, WB_Brierly",,NEBC,6/6/1931,Maine,Lincoln,,519189,0,0,0,0,0,0,0,0,0,0,0,0,0,,,
vaccinium_corymbosum,AE_Cole,,NEBC,9/1/1919,Maine,Lincoln,,519190,3,0,0,0,0,0,0,0,0,0,0,0,0,,,
vaccinium_corymbosum,ML_Fernald,,NEBC,8/1/1894,Maine,Lincoln,,519191,1,0,0,0,0,0,0,0,0,0,0,0,0,,,
vaccinium_corymbosum,ML_Fernald,,NEBC,8/1/1894,Maine,Lincoln,,519192,2,1,0,0,0,0,0,0,0,0,0,0,0,,,
vaccinium_corymbosum,RC_Bean,,NEBC,8/26/1916,Maine,Kennebac,,519193,1,4,0,0,0,0,0,0,0,0,0,0,0,,,
vaccinium_corymbosum,RC_Bean,,NEBC,8/14/1914,Maine,Androscoggin,,519196,0,0,1,0,0,0,0,0,0,0,0,0,0,,,
vaccinium_corymbosum,CA_Weatherby,,NEBC,7/8/1914,Maine,Androscoggin,,519197,0,0,1,0,0,0,0,0,0,0,0,0,0,,,
vaccinium_corymbosum,RC_Bean,,NEBC,7/7/1915,Maine,Hancock,,519206,1,0,0,2,0,0,0,0,0,0,0,0,0,,,
vaccinium_corymbosum,AF_Hill,,NEBC,8/12/1913,Maine,Hancock,,519158,2,0,5,0,0,0,0,0,0,0,0,0,0,,,
vaccinium_corymbosum,"ML_Fernald, B_Long",,NEBC,7/18/1916,Maine,Hancock,,519159,1,0,3,0,0,0,0,0,0,0,0,0,0,,,
vaccinium_corymbosum,AF_Hill,,NEBC,8/23/1914,Maine,Hancock,,519160,3,0,0,1,0,0,0,0,0,0,0,0,0,,,
vaccinium_corymbosum,AF_Hill,,NEBC,8/14/1914,Maine,Hancock,,519161,0,0,3,0,0,0,0,0,0,0,0,0,0,,,
vaccinium_corymbosum,J_Redfield,,NEBC,6/25/1889,Maine,Hancock,,519162,0,0,0,0,0,0,0,0,0,0,0,0,0,,,
vaccinium_corymbosum,EL_Rand,,NEBC,8/25/1888,Maine,Hancock,,519163,3,2,0,0,0,0,0,0,0,0,0,0,0,,,
vaccinium_corymbosum,EL_Rand,,NEBC,6/13/1889,Maine,Hancock,,519164,1,0,1,0,0,0,0,0,0,0,0,0,0,,,
vaccinium_corymbosum,EL_Rand,,NEBC,6/14/1889,Maine,Hancock,,519165,3,0,0,0,0,0,0,0,0,0,0,0,0,,,
vaccinium_corymbosum,ML_Fernald,,NEBC,9/20/1892,Maine,Hancock,,519166,2,1,1,0,0,0,0,0,0,0,0,0,0,,,
vaccinium_corymbosum,ML_Fernald,,NEBC,9/21/1892,Maine,Hancock,,519167,2,0,0,0,0,0,0,0,0,0,0,0,0,,,
vaccinium_corymbosum,ML_Fernald,,NEBC,9/21/1892,Maine,Hancock,,519168,3,0,0,0,0,0,0,0,0,0,0,0,0,,,
vaccinium_corymbosum,EL_Rand,,NEBC,6/16/1890,Maine,Hancock,,519169,0,0,0,0,0,0,0,0,0,0,0,0,0,,,
vaccinium_corymbosum,EL_Rand,,NEBC,6/17/1890,Maine,Hancock,,519171,0,0,0,0,0,0,0,0,0,0,0,0,0,,,
vaccinium_corymbosum,RC_Bean,,NEBC,8/11/1931,Maine,Hancock,,519172,2,0,2,0,0,0,0,0,0,0,0,0,0,,,
vaccinium_corymbosum,A_Rehder,,AA,8/2/1924,Maine,Sagadahoc,,519207,1,2,0,0,0,0,0,0,0,0,0,0,0,,,
vaccinium_corymbosum,"EW_Wood, DE_Boufford",,GH,9/8/1985,Maine,Sagadahoc,,519208,3,0,0,0,0,0,0,0,0,0,0,0,0,,,
vaccinium_corymbosum,"ML_Fernald, B_Long, AH_Norton",,AA,8/30/1916,Maine,Cumberland,,519209,2,0,1,1,0,0,0,0,0,0,0,0,0,,,
vaccinium_corymbosum,"ML_Fernald, B_Long, AH_Norton",,NEBC,8/30/1916,Maine,Cumberland,,519210,5,2,1,1,0,0,0,0,0,0,0,0,0,,,
vaccinium_corymbosum,K_Furbish,,NEBC,8/1/1913,Maine,Cumberland,,519212,4,0,0,0,0,0,0,0,0,0,0,0,0,,,
vaccinium_corymbosum,K_Furbish,,NEBC,6/2/1892,Maine,Cumberland,,519213,1,0,0,0,0,0,0,0,0,0,0,0,0,,,
vaccinium_corymbosum,K_Furbish,,NEBC,8/1/1913,Maine,Cumberland,,519214,3,0,1,0,0,0,0,0,0,0,0,0,0,,,
vaccinium_corymbosum,K_Furbish,,NEBC,6/2/1892,Maine,Cumberland,,519216,1,1,0,0,0,0,0,0,0,0,0,0,0,,,
vaccinium_corymbosum,J_Blake,,AA,6/5/1850,Maine,Cumberland,,519217,1,1,0,0,0,0,0,0,0,0,0,0,0,,,
vaccinium_corymbosum,EB_Chamberlain,,NEBC,5/31/1902,Maine,Cumberland,,519218,2,0,0,0,0,0,0,0,0,0,0,0,0,,,
vaccinium_corymbosum,EB_Chamberlain,,NEBC,6/23/1902,Maine,Cumberland,,519219,2,1,1,0,0,0,0,0,0,0,0,0,0,,,
vaccinium_corymbosum,EB_Chamberlain,,NEBC,7/23/1909,Maine,Cumberland,,519220,0,0,1,0,0,0,0,0,0,0,0,0,0,,,
vaccinium_corymbosum,EB_Chamberlain,,NEBC,5/31/1902,Maine,Cumberland,,519221,0,0,0,0,0,0,0,0,0,0,0,0,0,,,
vaccinium_corymbosum,EB_Chamberlain,,NEBC,5/31/1902,Maine,Cumberland,,519222,0,0,0,0,0,0,0,0,0,0,0,0,0,,,
vaccinium_corymbosum,EB_Chamberlain,,NEBC,6/23/1902,Maine,Cumberland,,519223,0,0,2,0,0,0,0,0,0,0,0,0,0,,,
vaccinium_corymbosum,RC_Bean,,NEBC,6/23/1955,Maine,Cumberland,,519224,1,0,2,0,0,0,0,0,0,0,0,0,0,,,
vaccinium_corymbosum,K_Furbish,,NEBC,8/23/1893,Maine,Cumberland,,519225,1,0,0,0,0,0,0,0,0,0,0,0,0,,,
vaccinium_corymbosum,RC_Bean,,NEBC,6/3/1906,Maine,Cumberland,,519226,0,1,1,0,0,0,0,0,0,0,0,0,0,,,
vaccinium_corymbosum,A_Rehder,,AA,8/11/1924,Maine,Cumberland,,519227,2,0,2,0,0,0,0,0,0,0,0,0,0,,,
vaccinium_corymbosum,RC_Bean,,NEBC,7/29/1931,Maine,York,,519228,3,0,3,0,0,0,0,0,0,0,0,0,0,,,
vaccinium_corymbosum,G_Swanzey,,NEBC,5/28/1975,Maine,York,,519229,3,0,0,0,0,0,0,0,0,0,0,0,0,,,
vaccinium_corymbosum,"ML_Fernald, B_Long",,NEBC,8/10/1916,Maine,York,,519230,1,1,4,0,0,0,0,0,0,0,0,0,0,,,
vaccinium_corymbosum,"ML_Fernald, B_Long",,NEBC,8/10/1916,Maine,York,,519231,1,0,2,2,0,0,0,0,0,0,0,0,0,,,
vaccinium_corymbosum,"ML_Fernald, B_Long",,NEBC,8/10/1916,Maine,York,,519232,5,2,5,0,0,0,0,0,0,0,0,0,0,,,
vaccinium_corymbosum,"ML_Fernald, B_Long",,NEBC,8/10/1916,Maine,York,,519233,4,0,4,0,0,0,0,0,0,0,0,0,0,,,
vaccinium_corymbosum,RC_Bean,,NEBC,8/8/1962,Maine,York,,519234,0,0,0,1,0,0,0,0,0,0,0,0,0,,,
vaccinium_corymbosum,J_Parlin,,GH,6/3/1891,Maine,York,,519235,0,0,0,0,0,0,0,0,0,0,0,0,0,,,
vaccinium_corymbosum,J_Parlin,,GH,6/2/1893,Maine,York,,519236,0,0,0,0,0,0,0,0,0,0,0,0,0,,,
vaccinium_corymbosum,J_Parlin,,GH,6/2/1893,Maine,York,,519238,0,0,0,0,0,0,0,0,0,0,0,0,0,,,
vaccinium_corymbosum,J_Parlin,,GH,6/3/1891,Maine,York,,519239,0,0,0,0,0,0,0,0,0,0,0,0,0,,,
vaccinium_corymbosum,J_Parlin,,GH,5/30/1893,Maine,York,,519240,0,0,0,0,0,0,0,0,0,0,0,0,0,,,
vaccinium_corymbosum,"ML_Fernald, B_Long",,NEBC,8/11/1916,Maine,York,,519241,4,2,3,0,0,0,0,0,0,0,0,0,0,,,
vaccinium_corymbosum,J_Parlin,,NEBC,6/3/1891,Maine,York,,519242,1,0,0,0,0,0,0,0,0,0,0,0,0,,,
vaccinium_corymbosum,W_Wells,,NEBC,7/1/1967,Maine,York,,519243,0,0,0,0,0,0,0,0,0,0,0,0,0,,,
vaccinium_corymbosum,W_Wells,,NEBC,7/27/1967,Maine,York,,519245,0,0,0,0,0,0,0,0,0,0,0,0,0,,,
vaccinium_corymbosum,RC_Bean,,NEBC,6/26/1942,Maine,York,,519246,1,1,0,0,0,0,0,0,0,0,0,0,0,,,
vaccinium_corymbosum,RC_Bean,,NEBC,8/11/1916,Maine,York,,519247,3,0,2,0,0,0,0,0,0,0,0,0,0,,,
vaccinium_corymbosum,K_Furbish,,NEBC,7/11/1898,Maine,York,,519248,5,0,4,0,0,0,0,0,0,0,0,0,0,,,
vaccinium_corymbosum,FT_Hubbard,,OA,6/1/1902,Maine,York,,519254,0,0,0,0,0,0,0,0,0,0,0,0,0,,,
vaccinium_corymbosum,"ML_Fernald, B_Long",,NEBC,8/9/1916,Maine,York,,519255,3,0,5,0,0,0,0,0,0,0,0,0,0,,,
vaccinium_corymbosum,AS_Pease,,NEBC,8/4/1920,New Hampshire,Coos,,519257,4,0,0,0,0,0,0,0,0,0,0,0,0,,,
vaccinium_corymbosum,AS_Pease,,NEBC,7/28/1919,New Hampshire,Coos,,519258,2,4,0,0,0,0,0,0,0,0,0,0,0,,,
vaccinium_corymbosum,W_Deane,,NEBC,"July 7, 1896",New Hampshire,Coos,,519260,2,1,3,0,0,0,0,0,0,0,0,0,0,,,
vaccinium_corymbosum,CS_Sargent,,AA,"July 2, 1879",New Hampshire,Coos,,519261,2,0,1,0,0,0,0,0,0,0,0,0,0,,,
vaccinium_corymbosum,W_Boott,,GH,9/1/1855,New Hampshire,Carroll,,519262,2,0,3,0,0,0,0,0,0,0,0,0,0,,,
vaccinium_corymbosum,"AR_Hodgdon, W_Glazier",,NEBC,6/22/1950,New Hampshire,Carroll,,519263,1,0,0,0,0,0,0,0,0,0,0,0,0,,,
vaccinium_corymbosum,"AR_Hodgdon, W_Glazier",,NEBC,6/22/1950,New Hampshire,Carroll,,519264,5,0,0,0,0,0,0,0,0,0,0,0,0,,,
vaccinium_corymbosum,A_Rehder,,AA,8/12/1921,New Hampshire,Carroll,,519265,0,0,1,0,0,0,0,0,0,0,0,0,0,,,
vaccinium_corymbosum,H_Teuscher,,AA,8/17/1922,New Hampshire,Carroll,,519266,3,1,0,0,0,0,0,0,0,0,0,0,0,,,
vaccinium_corymbosum,"AR_Hodgdon, FL_Steele",,NEBC,7/2/1957,New Hampshire,Carroll,,519267,3,5,0,0,0,0,0,0,0,0,0,0,0,,,
vaccinium_corymbosum,"AR_Hodgdon, FL_Steele",,NEBC,7/2/1957,New Hampshire,Carroll,,519268,2,1,2,0,0,0,0,0,0,0,0,0,0,,,
vaccinium_corymbosum,A_Gray,,NEBC,9/1/1855,New Hampshire,Carroll,,519269,2,1,2,0,0,0,0,0,0,0,0,0,0,,,
vaccinium_corymbosum,RC_Bean,,NEBC,8/5/1943,New Hampshire,Carroll,,519270,5,1,0,0,0,0,0,0,0,0,0,0,0,,,
vaccinium_corymbosum,"AR_Hodgdon, FL_Steele",,NEBC,8/5/1958,New Hampshire,Carroll,,519271,0,0,1,0,0,0,0,0,0,0,0,0,0,,,
vaccinium_corymbosum,FL_Steele,,NEBC,7/30/1955,New Hampshire,Carroll,,519272,1,1,1,0,0,0,0,0,0,0,0,0,0,,,
vaccinium_corymbosum,FL_Steele,,NEBC,6/22/1947,New Hampshire,Carroll,,519273,1,0,0,0,0,0,0,0,0,0,0,0,0,,,
vaccinium_corymbosum,"EC_Ogden, GB_Rossbach, AC_Gosse",,NEBC,5/22/1936,New Hampshire,Carroll,,519274,0,0,0,0,0,0,0,0,0,0,0,0,0,,,
vaccinium_corymbosum,GG_Kennedy,,GH,8/30/1890,New Hampshire,Grafton,,519275,0,0,3,0,0,0,0,0,0,0,0,0,0,,,
vaccinium_corymbosum,RC_Bean,,NEBC,8/29/1940,New Hampshire,Grafton,,519276,1,0,1,0,0,0,0,0,0,0,0,0,0,,,
vaccinium_corymbosum,C_Bullard,,NEBC,8/27/1932,New Hampshire,Grafton,,519277,0,0,2,0,0,0,0,0,0,0,0,0,0,,,
vaccinium_corymbosum,AR_Hodgdon,,NEBC,9/11/1937,New Hampshire,Strafford,,519278,4,0,0,0,0,0,0,0,0,0,0,0,0,,,
vaccinium_corymbosum,AR_Hodgdon,,NEBC,9/11/1937,New Hampshire,Strafford,,519279,1,0,0,0,0,0,0,0,0,0,0,0,0,,,
vaccinium_corymbosum,"AR_Hodgdon, H_Giddings",,NEBC,7/28/1945,New Hampshire,Strafford,,519280,3,0,0,0,0,0,0,0,0,0,0,0,0,,,
vaccinium_corymbosum,"AR_Hodgdon, H_Giddings",,NEBC,7/28/1945,New Hampshire,Strafford,,519281,3,0,0,0,0,0,0,0,0,0,0,0,0,,,
vaccinium_corymbosum,CH_Knowlton,,NEBC,7/1/1917,New Hampshire,Strafford,,519282,5,0,0,0,0,0,0,0,0,0,0,0,0,,,
vaccinium_corymbosum,AR_Hodgdon,,NEBC,7/21/1947,New Hampshire,Strafford,,519283,4,4,0,0,0,0,0,0,0,0,0,0,0,,,
vaccinium_corymbosum,AR_Hodgdon,,NEBC,6/16/1945,New Hampshire,Strafford,,519284,1,0,0,0,0,0,0,0,0,0,0,0,0,,,
vaccinium_corymbosum,AR_Hodgdon,,NEBC,6/16/1945,New Hampshire,Strafford,,519285,5,0,0,0,0,0,0,0,0,0,0,0,0,,,
vaccinium_corymbosum,AR_Hodgdon,,NEBC,7/18/1939,New Hampshire,Strafford,,519286,1,1,2,0,0,0,0,0,0,0,0,0,0,,,
vaccinium_corymbosum,AR_Hodgdon,,NEBC,8/12/1937,New Hampshire,Strafford,,519287,4,2,1,0,0,0,0,0,0,0,0,0,0,,,
vaccinium_corymbosum,AR_Hodgdon,,NEBC,7/4/1957,New Hampshire,Strafford,,519288,2,0,0,0,0,0,0,0,0,0,0,0,0,,,
vaccinium_corymbosum,AR_Hodgdon,,NEBC,6/1/1941,New Hampshire,Strafford,,519289,4,1,0,0,0,0,0,0,0,0,0,0,0,,,
vaccinium_corymbosum,"AR_Hodgdon, Alan_Hodgdon, Anthony_Hodgdon",,NEBC,7/10/1949,New Hampshire,Strafford,,519290,2,0,0,0,0,0,0,0,0,0,0,0,0,,,
vaccinium_corymbosum,"AR_Hodgdon, Alan_Hodgdon, Anthony_Hodgdon",,NEBC,7/10/1949,New Hampshire,Strafford,,519291,2,1,3,0,0,0,0,0,0,0,0,0,0,,,
vaccinium_corymbosum,"EC_Ogden, F_Hyland, AC_Gosse",,NEBC,5/23/1936,New Hampshire,Strafford,,519292,1,1,1,0,0,0,0,0,0,0,0,0,0,,,
vaccinium_corymbosum,"AR_Hodgdon, HA_Berry",,NEBC,7/30/1939,New Hampshire,Strafford,,519293,0,0,1,0,0,0,0,0,0,0,0,0,0,,,
vaccinium_corymbosum,"EC_Ogden, GB_Rossbach, AC_Gosse",,NEBC,5/22/1936,New Hampshire,Strafford,,519294,1,0,0,0,0,0,0,0,0,0,0,0,0,,,
vaccinium_corymbosum,AR_Hodgdon,,NEBC,6/17/1949,New Hampshire,Strafford,,519295,4,0,1,0,0,0,0,0,0,0,0,0,0,,,
vaccinium_corymbosum,"AR_Hodgdon, P_Allen",,NEBC,7/10/1963,New Hampshire,Strafford,,519296,0,0,0,0,0,0,0,0,0,0,0,0,0,,,
vaccinium_corymbosum,AR_Hodgdon,,NEBC,6/12/1937,New Hampshire,Strafford,,519297,1,1,0,0,0,0,0,0,0,0,0,0,0,,,
vaccinium_corymbosum,"AS_Pease, SK_Harris",,NEBC,5/22/1936,New Hampshire,Strafford,,519298,0,0,1,0,0,0,0,0,0,0,0,0,0,,,
vaccinium_corymbosum,"AR_Hodgdon, R_Knowlton, N_Wilder",,NEBC,5/30/1937,New Hampshire,Strafford,,519299,2,1,0,0,0,0,0,0,0,0,0,0,0,,,
vaccinium_corymbosum,"AR_Hodgdon, WW_Smith, R_Eggert",,NEBC,9/3/1942,New Hampshire,Strafford,,519300,5,0,5,0,0,1,0,0,0,0,0,0,0,,,
vaccinium_corymbosum,"AS_Pease, SK_Harris",,NEBC,5/22/1936,New Hampshire,Belknap,,519303,3,0,0,0,0,0,0,0,0,0,0,0,0,,,
vaccinium_corymbosum,FL_Steele,,NEBC,6/28/1955,New Hampshire,Belknap,,519304,1,0,0,0,0,0,0,0,0,0,0,0,0,,,
vaccinium_corymbosum,FL_Steele,,NEBC,6/28/1955,New Hampshire,Belknap,,519305,2,0,0,0,0,0,0,0,0,0,0,0,0,,,
vaccinium_corymbosum,FL_Steele,,NEBC,6/28/1955,New Hampshire,Belknap,,519306,1,0,0,0,0,0,0,0,0,0,0,0,0,,,
vaccinium_corymbosum,FL_Steele,,NEBC,7/28/1955,New Hampshire,Belknap,,519307,2,0,1,0,0,0,0,0,0,0,0,0,0,,,
vaccinium_corymbosum,DE_Boufford,,NEBC,6/12/1972,New Hampshire,Merrimack,,519309,1,0,1,0,0,0,0,0,0,0,0,0,0,,,
vaccinium_corymbosum,E_Clinton,,AA,8/27/1938,New Hampshire,Merrimack,,519310,4,2,2,0,0,0,0,0,0,0,0,0,0,,,
vaccinium_corymbosum,CF_Batchelder,,NEBC,7/26/1921,New Hampshire,Merrimack,,519311,4,1,1,0,0,0,0,0,0,0,0,0,0,,,
vaccinium_corymbosum,CF_Batchelder,,NEBC,5/8/1921,New Hampshire,Merrimack,,519312,0,0,4,0,0,0,0,0,0,0,0,0,0,,,
vaccinium_corymbosum,CF_Batchelder,,NEBC,7/15/1926,New Hampshire,Merrimack,,519313,1,0,5,0,0,0,0,0,0,0,0,0,0,,,
vaccinium_corymbosum,C_Bullard,,NEBC,5/28/1933,New Hampshire,Merrimack,,519314,4,0,0,0,0,0,0,0,0,0,0,0,0,,,
vaccinium_corymbosum,HE_Ahles,,NEBC,7/16/1980,New Hampshire,Sullivan,,519315,0,0,3,0,0,0,0,0,0,0,0,0,0,,,
vaccinium_corymbosum,"JR_Sullivan, J_Hoy",,NEBC,6/1/2013,New Hampshire,Sullivan,,1182692,2,0,0,0,0,0,0,0,0,0,0,0,0,,,
vaccinium_corymbosum,SK_Harris,,NEBC,5/24/1959,New Hampshire,Rockingham,,519316,0,0,0,0,0,0,0,0,0,0,0,0,0,,,
vaccinium_corymbosum,AS_Pease,,NEBC,5/29/1935,New Hampshire,Rockingham,,519317,0,0,0,0,0,0,0,0,0,0,0,0,0,,,
vaccinium_corymbosum,AS_Pease,,NEBC,5/29/1935,New Hampshire,Rockingham,,519318,1,0,0,0,0,0,0,0,0,0,0,0,0,,,
vaccinium_corymbosum,CF_Batchelder,,NEBC,7/19/1919,New Hampshire,Rockingham,,519319,3,3,0,0,0,0,0,0,0,0,0,0,0,,,
vaccinium_corymbosum,CF_Batchelder,,NEBC,8/3/1926,New Hampshire,Rockingham,,519321,1,0,3,0,0,0,0,0,0,0,0,0,0,,,
vaccinium_corymbosum,Sk_Harris,,NEBC,6/4/1959,New Hampshire,Rockingham,,519322,1,0,1,0,0,0,0,0,0,0,0,0,0,,,
vaccinium_corymbosum,SK_Harris,,NEBC,5/29/1959,New Hampshire,Rockingham,,519327,1,0,0,0,0,0,0,0,0,0,0,0,0,,,
vaccinium_corymbosum,Sk_Harris,,NEBC,5/29/1959,New Hampshire,Rockingham,,519328,2,0,1,0,0,0,0,0,0,0,0,0,0,,,
vaccinium_corymbosum,RA_Howard,,NEBC,7/2/1967,New Hampshire,Rockingham,,519329,4,0,0,0,0,0,0,0,0,0,0,0,0,,,
vaccinium_corymbosum,AR_Hodgdon,,NEBC,7/15/1957,New Hampshire,Rockingham,,519330,3,0,2,0,0,0,0,0,0,0,0,0,0,,,
vaccinium_corymbosum,AR_Hodgdon,,NEBC,7/15/1957,New Hampshire,Rockingham,,519331,3,1,0,0,0,0,0,0,0,0,0,0,0,,,
vaccinium_corymbosum,"SK_Harris, AR_Hodgdon",,NEBC,6/26/1958,New Hampshire,Rockingham,,519332,2,0,0,0,0,0,0,0,0,0,0,0,0,,,
vaccinium_corymbosum,SK_Harris,,NEBC,6/4/1959,New Hampshire,Rockingham,,519333,0,0,0,0,0,0,0,0,0,0,0,0,0,,,
vaccinium_corymbosum,CF_Batchelder,,NEBC,5/29/1922,New Hampshire,Hillsborough,,519334,1,0,4,0,0,0,0,0,0,0,0,0,0,,,
vaccinium_corymbosum,CF_Batchelder,,NEBC,5/26/1920,New Hampshire,Hillsborough,,519335,0,0,0,0,0,0,0,0,0,0,0,0,0,,,
vaccinium_corymbosum,CF_Batchelder,,NEBC,5/26/1920,New Hampshire,Hillsborough,,519375,0,0,2,0,0,0,0,0,0,0,0,0,0,,,
vaccinium_corymbosum,C_Casas,,NEBC,7/7/1965,New Hampshire,Hillsborough,,519336,0,0,1,0,0,0,0,0,0,0,0,0,0,,,
vaccinium_corymbosum,"AR_Hodgdon, P_Roberts",,NEBC,6/19/1957,New Hampshire,Hillsborough,,519337,2,1,0,0,0,0,0,0,0,0,0,0,0,,,
vaccinium_corymbosum,CF_Batchelder,,NEBC,7/9/1918,New Hampshire,Hillsborough,,519338,4,0,0,0,0,0,0,0,0,0,0,0,0,,,
vaccinium_corymbosum,CF_Batchelder,,NEBC,6/11/1915,New Hampshire,Hillsborough,,519339,4,0,1,0,0,0,0,0,0,0,0,0,0,,,
vaccinium_corymbosum,CF_Batchelder,,NEBC,5/28/1914,New Hampshire,Hillsborough,,519340,3,0,0,0,0,0,0,0,0,0,0,0,0,,,
vaccinium_corymbosum,CF_Batchelder,,NEBC,5/15/1915,New Hampshire,Hillsborough,,519341,0,0,0,0,0,0,0,0,0,0,0,0,0,,,
vaccinium_corymbosum,CF_Batchelder,,NEBC,5/15/1915,New Hampshire,Hillsborough,,519342,1,0,0,0,0,0,0,0,0,0,0,0,0,,,
vaccinium_corymbosum,CF_Batchelder,,NEBC,6/2/1929,New Hampshire,Hillsborough,,519343,2,0,2,0,0,0,0,0,0,0,0,0,0,,,
vaccinium_corymbosum,CF_Batchelder,,NEBC,8/4/1917,New Hampshire,Hillsborough,,519344,1,0,2,0,0,0,0,0,0,0,0,0,0,,,
vaccinium_corymbosum,"AR_Hodgdon, H_Clapp, D_White",,NEBC,6/12/1954,New Hampshire,Hillsborough,,519345,0,0,2,0,0,0,0,0,0,0,0,0,0,,,
vaccinium_corymbosum,CH_Knowlton,,NEBC,5/23/1903,New Hampshire,Hillsborough,,519346,0,0,0,0,0,0,0,0,0,0,0,0,0,,,
vaccinium_corymbosum,CF_Batchelder,,NEBC,6/11/1926,New Hampshire,Hillsborough,,519347,2,0,0,0,0,0,0,0,0,0,0,0,0,,,
vaccinium_corymbosum,CF_Batchelder,,NEBC,5/28/1931,New Hampshire,Hillsborough,,519348,1,0,0,0,0,0,0,0,0,0,0,0,0,,,
vaccinium_corymbosum,CF_Batchelder,,NEBC,7/5/1931,New Hampshire,Hillsborough,,519349,1,1,1,0,0,0,0,0,0,0,0,0,0,,,
vaccinium_corymbosum,CF_Batchelder,,NEBC,6/10/1926,New Hampshire,Hillsborough,,519350,3,0,2,0,0,0,0,0,0,0,0,0,0,,,
vaccinium_corymbosum,P_Batchelder,,NEBC,7/20/1908,New Hampshire,Hillsborough,,519351,1,1,1,0,0,0,0,0,0,0,0,0,0,,,
vaccinium_corymbosum,FC_Seymour,,NEBC,8/9/1943,New Hampshire,Hillsborough,,519352,2,0,2,0,0,0,0,0,0,0,0,0,0,,,
vaccinium_corymbosum,ML_Fernald,,GH,7/15/1899,New Hampshire,Cheshire,,519353,1,0,0,0,0,0,0,0,0,0,0,0,0,,,
vaccinium_corymbosum,ML_Fernald,,GH,7/23/1901,New Hampshire,Cheshire,,519354,2,0,2,0,0,0,0,0,0,0,0,0,0,,,
vaccinium_corymbosum,JR_Churchill,,NEBC,5/20/1921,New Hampshire,Cheshire,,519355,1,0,0,0,0,0,0,0,0,0,0,0,0,,,
vaccinium_corymbosum,W_Deane,,NEBC,7/23/1891,New Hampshire,Cheshire,,519356,3,3,4,0,0,0,0,0,0,0,0,0,0,,,
vaccinium_corymbosum,CF_Batchelder,,NEBC,7/8/1919,New Hampshire,Cheshire,,519357,1,0,0,0,0,0,0,0,0,0,0,0,0,,,
vaccinium_corymbosum,CF_Batchelder,,NEBC,7/9/1919,New Hampshire,Cheshire,,519358,1,0,1,0,0,0,0,0,0,0,0,0,0,,,
vaccinium_corymbosum,EJ_Palmer,,AA,8/11/1936,New Hampshire,Cheshire,,519359,0,0,4,0,0,0,0,0,0,0,0,0,0,,,
vaccinium_corymbosum,EJ_Palmer,,AA,8/12/1936,New Hampshire,Cheshire,,519362,2,0,3,0,0,0,0,0,0,0,0,0,0,,,
vaccinium_corymbosum,"EL_Rand, BL_Robinson",,NEBC,5/29/1899,New Hampshire,Cheshire,,519365,0,0,0,0,0,0,0,0,0,0,0,0,0,,,
vaccinium_corymbosum,"EL_Rand, BL_Robinson",,GH,5/29/1899,New Hampshire,Cheshire,,519364,0,0,0,0,0,0,0,0,0,0,0,0,0,,,
vaccinium_corymbosum,EF_Williams,,NEBC,5/29/1899,New Hampshire,Cheshire,,519366,0,0,0,0,0,0,0,0,0,0,0,0,0,,,
vaccinium_corymbosum,GG_Kennedy,,GH,8/30/1907,New Hampshire,Cheshire,,519368,4,4,0,0,0,0,0,0,0,0,0,0,0,,,
vaccinium_corymbosum,W_Deane,,NEBC,8/3/1896,New Hampshire,Cheshire,,519369,1,1,1,0,0,0,0,0,0,0,0,0,0,,,
vaccinium_corymbosum,FF_Forbes,,NEBC,5/30/1912,New Hampshire,Cheshire,,519370,1,0,2,0,0,0,0,0,0,0,0,0,0,,,
vaccinium_corymbosum,CF_Batchelder,,NEBC,6/25/1932,New Hampshire,Cheshire,,519371,0,1,0,0,0,0,0,0,0,0,0,0,0,,,
vaccinium_corymbosum,CF_Batchelder,,NEBC,7/18/1932,New Hampshire,Cheshire,,519372,2,0,3,0,0,0,0,0,0,0,0,0,0,,,
vaccinium_corymbosum,CF_Batchelder,,NEBC,9/8/1926,New Hampshire,Cheshire,,519373,1,1,2,0,0,0,0,0,0,0,0,0,0,,,
vaccinium_corymbosum,CF_Batchelder,,NEBC,8/28/1917,New Hampshire,Cheshire,,519374,2,0,2,0,0,0,0,0,0,0,0,0,0,,,
vaccinium_corymbosum,CF_Batchelder,,NEBC,8/28/1917,New Hampshire,Cheshire,,519376,2,1,5,0,0,0,0,0,0,0,0,0,0,,,
vaccinium_corymbosum,CF_Batchelder,,NEBC,6/23/1926,New Hampshire,Cheshire,,519377,0,0,5,0,0,0,0,0,0,0,0,0,0,,,
vaccinium_corymbosum,CF_Batchelder,,NEBC,8/1/1919,New Hampshire,Cheshire,,519378,0,0,2,0,0,0,0,0,0,0,0,0,0,,,
vaccinium_corymbosum,CF_Batchelder,,NEBC,5/31/1913,New Hampshire,Cheshire,,519379,1,0,4,0,0,0,0,0,0,0,0,0,0,,,
vaccinium_corymbosum,FF_Forbes,,NEBC,5/30/1912,New Hampshire,Cheshire,,519380,3,1,2,0,0,0,0,0,0,0,0,0,0,,,
vaccinium_corymbosum,AJ_Grout,,GH,6/17/1893,Vermont,Lamoille,,519383,0,0,0,0,0,0,0,0,0,0,0,0,0,,,
vaccinium_corymbosum,CH_Knowlton,,NEBC,7/16/1939,Vermont,Grand Isle,,519382,1,0,1,0,0,0,0,0,0,0,0,0,0,,,
vaccinium_corymbosum,CG_Pringle,,AA,5/28/1879,Vermont,Chittenden,,519386,0,0,0,0,0,0,0,0,0,0,0,0,0,,,
vaccinium_corymbosum,LA_Charette,,NEBC,6/10/1967,Vermont,Chittenden,,519387,0,0,0,0,0,0,0,0,0,0,0,0,0,,,
vaccinium_corymbosum,CG_Pringle,291,AA,5/14/1878,Vermont,Addison,,519389,1,0,0,0,0,0,0,0,0,0,0,0,0,,,
vaccinium_corymbosum,DL_Dutton,2558,NEBC,6/12/1926,Vermont,Rutland,,519391,1,0,1,0,0,0,0,0,0,0,0,0,0,,,
vaccinium_corymbosum,DL_Dutton,2469,GH,8/27/1926,Vermont,Rutland,,519392,3,0,0,0,0,0,0,0,0,0,0,0,0,,,
vaccinium_corymbosum,DL_Dutton,,GH,5/28/1909,Vermont,Rutland,,519393,0,0,0,0,0,0,0,0,0,0,0,0,0,,,
vaccinium_corymbosum,DL_Dutton,2471,GH,8/27/1926,Vermont,Rutland,,519394,2,3,4,0,0,0,0,0,0,0,0,0,0,,,
vaccinium_corymbosum,DL_Dutton,2470,NEBC,8/27/1926,Vermont,Rutland,,519395,2,0,4,0,0,0,0,0,0,0,0,0,0,,,
vaccinium_corymbosum,EC_Kent,,NEBC,6/8/1898,Vermont,Rutland,,519397,1,0,0,0,0,0,0,0,0,0,0,0,0,,,
vaccinium_corymbosum,EC_Kent,,GH,8/10/1912,Vermont,Rutland,,519399,1,0,4,0,0,0,0,0,0,0,0,0,0,,,
vaccinium_corymbosum,LA_Wheeler,,NEBC,7/4/1912,Vermont,Windham,,519400,3,0,0,0,0,0,0,0,0,0,0,0,0,,,
vaccinium_corymbosum,SK_Harris,23193,NEBC,7/10/1961,Vermont,Windham,,519402,0,0,1,0,0,0,0,0,0,0,0,0,0,,,
vaccinium_corymbosum,WH_Blauchard,,GH,5/29/1902,Vermont,Windham,,519403,0,0,0,0,0,0,0,0,0,0,0,0,0,,,
vaccinium_corymbosum,AS_Pease,,NEBC,7/27/1901,Massachusetts,Essex,,519428,3,0,2,0,0,0,0,0,0,0,0,0,0,,,
vaccinium_corymbosum,"AS_Pease, M_Hopkins",,NEBC,5/19/1934,Massachusetts,Essex,,519429,1,0,3,0,0,0,0,0,0,0,0,0,0,,,
vaccinium_corymbosum,?,,AA,6/26/1980,Massachusetts,Essex,name might belong to intitals JR,519430,0,3,0,0,0,0,0,0,0,0,0,0,0,,,
vaccinium_corymbosum,FT_Hubbard,,NEBC,6/14/1913,Massachusetts,Essex,,519425,4,0,2,0,0,0,0,0,0,0,0,0,0,,,
vaccinium_corymbosum,FF_Forbes,,GH,5/30/1909,Massachusetts,Essex,,519424,3,0,2,0,0,0,0,0,0,0,0,0,0,,,
vaccinium_corymbosum,?,,AA,5/16/1980,Massachusetts,Essex,name might belong to intitals JR,519422,0,0,0,0,0,0,0,0,0,0,0,0,0,,,
vaccinium_corymbosum,?,,AA,7/25/1980,Massachusetts,Essex,name might belong to intitals JR,894980,1,0,3,0,0,0,0,0,0,0,0,0,0,,,
vaccinium_corymbosum,EF_Williams,,GH,7/19/1906,Massachusetts,Essex,,519420,4,1,4,0,0,0,0,0,0,0,0,0,0,,,
vaccinium_corymbosum,EF_Williams,,NEBC,7/19/1906,Massachusetts,Essex,,519419,4,0,2,0,0,0,0,0,0,0,0,0,0,,,
vaccinium_corymbosum,JE_Villum,,AA,7/6/1933,Massachusetts,Essex,,894981,0,0,0,0,0,0,0,0,0,0,0,0,0,,,
vaccinium_corymbosum,EJ_Palmer,,AA,7/20/1924,Massachusetts,Essex,,519412,1,1,1,0,0,0,0,0,0,0,0,0,0,,,
vaccinium_corymbosum,A_Rehder,,AA,5/23/1903,Massachusetts,Essex,,519411,0,1,0,0,0,0,0,0,0,0,0,0,0,,,
vaccinium_corymbosum,RC_Bean,19338,NEBC,6/22/1919,Massachusetts,Essex,,519410,1,1,0,0,0,0,0,0,0,0,0,0,0,,,
vaccinium_corymbosum,FT_Hubbard,,NEBC,7/7/1913,Massachusetts,Essex,,519409,4,0,1,0,0,0,0,0,0,0,0,0,0,,,
vaccinium_corymbosum,EJ_Palmer,46285,AA,7/21/1924,Massachusetts,Essex,,519408,3,1,0,0,0,0,0,0,0,0,0,0,0,,,
vaccinium_corymbosum,EJ_Palmer,46285,AA,7/21/1942,Massachusetts,Essex,,519407,4,0,1,0,0,0,0,0,0,0,0,0,0,,,
vaccinium_corymbosum,"LB_Smith, WA_Anderson, PA_Schafer",,NEBC,5/23/1931,Massachusetts,Essex,,519406,1,0,0,0,0,0,0,0,0,0,0,0,0,,,
vaccinium_corymbosum,GD_Phippen,249,AA,6/9/1857,Massachusetts,Essex,,519405,0,0,0,0,0,0,0,0,0,0,0,0,0,,,
vaccinium_corymbosum,RB_Mackintosh,,NEBC,5/17/1925,Massachusetts,Essex,,519404,1,0,0,0,0,0,0,0,0,0,0,0,0,,,
vaccinium_corymbosum,W_Deane,,NEBC,6/7/1885,Massachusetts,Middlesex,,519431,2,0,1,0,0,0,0,0,0,0,0,0,0,,,
vaccinium_corymbosum,CH_Knowlton,,NEBC,5/30/1914,Massachusetts,Middlesex,,519432,0,0,0,0,0,0,0,0,0,0,0,0,0,,,
vaccinium_corymbosum,FF_Forbes,,NEBC,7/28/1912,Massachusetts,Middlesex,"not random, only 4 boxes",519433,3,1,1,0,0,0,0,0,0,0,0,0,0,,,
vaccinium_corymbosum,WHM(?),,NEBC,5/26/1894,Massachusetts,Middlesex,,387907,0,2,0,0,0,0,0,0,0,0,0,0,0,,,
vaccinium_corymbosum,?,,GH,5/26/1894,Massachusetts,Middlesex,,387908,0,0,0,0,0,0,0,0,0,0,0,0,0,,,
vaccinium_corymbosum,AH_Moore,,AA,5/13/1903,Massachusetts,Middlesex,,519435,0,0,0,0,0,0,0,0,0,0,0,0,0,,,
vaccinium_corymbosum,"B_Long, H_StJohn",10185,NEBC,9/25/1913,Massachusetts,Middlesex,,519439,5,1,0,0,0,0,0,0,0,1,0,0,0,,,
vaccinium_corymbosum,"FT_Hubbard, GS_Torrey",T513,NEBC,5/30/1913,Massachusetts,Middlesex,,519441,4,2,0,0,0,0,0,0,0,0,0,0,0,,,
vaccinium_corymbosum,RJ_Eaton,,NEBC,5/15/1955,Massachusetts,Middlesex,,519444,0,0,0,0,0,0,0,0,0,0,0,0,0,,,
vaccinium_corymbosum,RJ_Eaton,,NEBC,5/18/1935,Massachusetts,Middlesex,,519445,0,0,0,0,0,0,0,0,0,0,0,0,0,,,
vaccinium_corymbosum,ES_Hoar,,NEBC,5/16/1858,Massachusetts,Middlesex,"not random, only 5 boxes",519447,0,0,0,0,0,0,0,0,0,0,0,0,0,,,
vaccinium_corymbosum,RJ_Eaton,,NEBC,7/11/1917,Massachusetts,Middlesex,"date might be wrong, check to see if he was active during this time",519448,1,0,0,2,0,0,0,0,0,0,0,0,0,,,
vaccinium_corymbosum,W_Deane,,NEBC,7/3/1884,Massachusetts,Middlesex,,519449,1,0,0,0,0,0,0,0,0,0,0,0,0,,,
vaccinium_corymbosum,CH_Knowlton,,NEBC,7/26/1908,Massachusetts,Middlesex,,519450,2,2,0,0,0,0,0,0,0,0,0,0,0,,,
vaccinium_corymbosum,FW_Hunnewell,6019,NEBC,7/5/1919,Massachusetts,Middlesex,,519451,1,0,0,0,0,0,0,0,0,0,0,0,0,,,
vaccinium_corymbosum,FW_Hunnewell,6018,NEBC,7/5/1919,Massachusetts,Middlesex,,519452,3,1,0,0,0,0,0,0,0,0,0,0,0,,,
vaccinium_corymbosum,A_Gray,,NEBC,6/18/1876,Massachusetts,Middlesex,,519455,0,0,0,0,0,0,0,0,0,0,0,0,0,,,
vaccinium_corymbosum,W_Deane,,GH,6/3/1883,Massachusetts,Middlesex,,519456,0,0,0,0,0,0,0,0,0,0,0,0,0,,,
vaccinium_corymbosum,W_Deane,,NEBC,6/3/1883,Massachusetts,Middlesex,,519471,0,0,0,0,0,0,0,0,0,0,0,0,0,,,
vaccinium_corymbosum,EF_Williams,,NEBC,5/30/1895,Massachusetts,Middlesex,,519509,0,0,0,0,0,0,0,0,0,0,0,0,0,,,
vaccinium_corymbosum,EF_Williams,,NEBC,5/14/1896,Massachusetts,Middlesex,,519459,2,0,0,0,0,0,0,0,0,0,0,0,0,,,
vaccinium_corymbosum,FF_Forbes,2789,GH,5/11/1902,Massachusetts,Middlesex,,519460,0,0,0,0,0,0,0,0,0,0,0,0,0,,,
vaccinium_corymbosum,FF_Forbes,2789,GH,5/11/1902,Massachusetts,Middlesex,,519461,1,0,0,0,0,0,0,0,0,0,0,0,0,,,
vaccinium_corymbosum,FF_Forbes,2788,GH,5/11/1902,Massachusetts,Middlesex,,519462,1,1,0,0,0,0,0,0,0,0,0,0,0,,,
vaccinium_corymbosum,WH_Manning,,NEBC,6/11/1882,Massachusetts,Middlesex,,519466,0,0,0,0,0,0,0,0,0,0,0,0,0,,,
vaccinium_corymbosum,WH_Manning,,NEBC,7/2/1882,Massachusetts,Middlesex,,519467,1,0,0,0,0,0,0,0,0,0,0,0,0,,,
vaccinium_corymbosum,FW_Hunnewell,14031,NEBC,5/16/1936,Massachusetts,Middlesex,,519469,0,0,0,0,0,0,0,0,0,0,0,0,0,,,
vaccinium_corymbosum,"FW_Hunnewell, H_StJohn",,NEBC,5/30/1914,Massachusetts,Middlesex,,519470,1,0,0,0,0,0,0,0,0,0,0,0,0,,,
vaccinium_corymbosum,NT_Ridder,,NEBC,6/9/1920,Massachusetts,Middlesex,,387972,2,0,0,0,0,0,0,0,0,0,0,0,0,,,
vaccinium_corymbosum,W_Deane,,NEBC,6/3/1883,Massachusetts,Middlesex,,387971,1,0,0,0,0,0,0,0,0,0,0,0,0,,,
vaccinium_corymbosum,"FT_Hubbard, GS_Torrey",,NEBC,5/30/1913,Massachusetts,Middlesex,,519475,3,4,0,0,0,0,0,0,0,0,0,0,0,,,
vaccinium_corymbosum,FS_Collins,844,NEBC,5/15/1910,Massachusetts,Middlesex,,519474,0,0,0,0,0,0,0,0,0,0,0,0,0,,,
vaccinium_corymbosum,RC_Bean,,NEBC,5/18/1912,Massachusetts,Middlesex,,519484,0,0,0,0,0,0,0,0,0,0,0,0,0,,,
vaccinium_corymbosum,W_Deane,,NEBC,5/10/1896,Massachusetts,Middlesex,,387973,0,0,0,0,0,0,0,0,0,0,0,0,0,,,
vaccinium_corymbosum,NT_Ridder,,NEBC,7/29/1920,Massachusetts,Middlesex,,387970,3,0,1,0,0,0,0,0,0,0,0,0,0,,,
vaccinium_corymbosum,F_Wilder,10235,GH,5/24/1931,Massachusetts,Middlesex,,519485,0,0,0,0,0,0,0,0,0,0,0,0,0,,,
vaccinium_corymbosum,WC_Lane,,GH,5/27/1877,Massachusetts,Middlesex,,519490,0,0,0,0,0,0,0,0,0,0,0,0,0,,,
vaccinium_corymbosum,G_Gilbert,,GH,5/29/1892,Massachusetts,Middlesex,"not random, only 3 boxes",519491,0,2,0,0,0,0,0,0,0,0,0,0,0,,,
vaccinium_corymbosum,W_Deane,,NEBC,5/14/1896,Massachusetts,Middlesex,,519492,0,1,1,0,0,0,0,0,0,0,0,0,0,,,
vaccinium_corymbosum,W_Deane,,NEBC,5/14/1896,Massachusetts,Middlesex,,519493,1,0,0,0,0,0,0,0,0,0,0,0,0,,,
vaccinium_corymbosum,NH_Manning,,NEBC,7/13/1895,Massachusetts,Middlesex,,387909,0,0,1,0,0,0,0,0,0,0,0,0,0,,,
vaccinium_corymbosum,EF_Williams,,NEBC,7/9/1897,Massachusetts,Middlesex,,519494,0,0,0,0,0,0,0,0,0,0,0,0,0,,,
vaccinium_corymbosum,D_Potter,10237,GH,5/3/1930,Massachusetts,Middlesex,,519496,0,0,0,0,0,0,0,0,0,0,0,0,0,,,
vaccinium_corymbosum,AH_Moore,2692,GH,5/14/1905,Massachusetts,Middlesex,,519499,0,0,0,0,0,0,0,0,0,0,0,0,0,,,
vaccinium_corymbosum,RA_Ware,,NEBC,5/10/1919,Massachusetts,Suffolk,,387974,0,0,0,0,0,0,0,0,0,0,0,0,0,,,
vaccinium_corymbosum,NT_Ridder,,NEBC,5/27/1922,Massachusetts,Suffolk,,387975,1,0,0,0,0,0,0,0,0,0,0,0,0,,,
vaccinium_corymbosum,P_Gallapher,,NEBC,6/17/1895,Massachusetts,Suffolk,,387911,3,0,2,0,0,0,0,0,0,0,0,0,0,,,
vaccinium_corymbosum,WP_Rich,,NEBC,5/24/1896,Massachusetts,Suffolk,,519502,1,3,0,0,0,0,0,0,0,0,0,0,0,,,
vaccinium_corymbosum,HA_Young,,NEBC,6/11/1882,Massachusetts,Suffolk,,519503,2,0,0,0,0,0,0,0,0,0,0,0,0,,,
vaccinium_corymbosum,FF_Forbes,,NEBC,7/22/1912,Massachusetts,Suffolk,,519505,0,0,2,0,0,0,0,0,0,0,0,0,0,,,
vaccinium_corymbosum,CE_Faxon,,GH,8/23/1885,Massachusetts,Suffolk,,519506,3,1,4,0,0,0,0,0,0,0,0,0,0,,,
vaccinium_corymbosum,"CA_Cheever, DL_Ordway, SNF_Sanford",,NEBC,6/21/1933,Massachusetts,Norfolk,,519510,3,1,2,0,0,0,0,0,0,0,0,0,0,,,
vaccinium_corymbosum,"DL_Ordway, SNF_Sanford",8286,NEBC,5/13/1936,Massachusetts,Norfolk,,519511,0,0,0,0,0,0,0,0,0,0,0,0,0,,,
vaccinium_corymbosum,NT_Ridder,,NEBC,8/11/1919,Massachusetts,Norfolk,,387978,4,1,0,0,0,0,0,0,0,0,0,0,0,,,
vaccinium_corymbosum,JR_Churchill,,NEBC,5/30/1908,Massachusetts,Norfolk,,387980,0,0,0,0,0,0,0,0,0,0,0,0,0,,,
vaccinium_corymbosum,NT_Ridder,,NEBC,5/15/1919,Massachusetts,Norfolk,,1015722,0,0,0,0,0,0,0,0,0,0,0,0,0,,,
vaccinium_corymbosum,EJ_Palmer,20196,AA,6/17/1921,Massachusetts,Norfolk,,519512,5,1,0,0,0,0,0,0,0,0,0,0,0,,,
vaccinium_corymbosum,EJ_Palmer,23437,AA,6/5/1923,Massachusetts,Norfolk,,519513,5,1,0,0,0,0,0,0,0,0,0,0,0,,,
vaccinium_corymbosum,EJ_Palmer,20016,AA,5/30/1921,Massachusetts,Norfolk,,519515,2,0,3,0,0,0,0,0,0,0,0,0,0,,,
vaccinium_corymbosum,RA_Ware,2238,NEBC,5/30/1908,Massachusetts,Norfolk,,519516,0,0,0,0,0,0,0,0,0,0,0,0,0,,,
vaccinium_corymbosum,FF_Forbes,2789,GH,7/15/1902,Massachusetts,Norfolk,,519517,3,0,0,0,0,0,0,0,0,0,0,0,0,,,
vaccinium_corymbosum,FF_Forbes,2788,GH,7/20/1902,Massachusetts,Norfolk,,519518,2,0,1,0,0,0,0,0,0,0,0,0,0,,,
vaccinium_corymbosum,FF_Forbes,2789,GH,7/20/1902,Massachusetts,Norfolk,,519519,4,0,0,0,0,0,0,0,0,0,0,0,0,,,
vaccinium_corymbosum,FF_Forbes,2788,GH,6/15/1902,Massachusetts,Norfolk,,519520,2,0,0,0,0,0,0,0,0,0,0,0,0,,,
vaccinium_corymbosum,GG_Kennedy,,NEBC,5/30/1887,Massachusetts,Norfolk,,519522,1,1,1,0,0,0,0,0,0,0,0,0,0,,,
vaccinium_corymbosum,GG_Kennedy,,GH,5/15/1904,Massachusetts,Norfolk,,519524,0,0,0,0,0,0,0,0,0,0,0,0,0,,,
vaccinium_corymbosum,GG_Kennedy,,GH,5/15/1904,Massachusetts,Norfolk,,519525,1,0,0,0,0,0,0,0,0,0,0,0,0,,,
vaccinium_corymbosum,W_Deane,,NEBC,8/8/1882,Massachusetts,Norfolk,,519527,0,0,1,0,0,0,0,0,0,0,0,0,0,,,
vaccinium_corymbosum,GG_Kennedy,,GH,7/27/1891,Massachusetts,Norfolk,,519528,3,1,1,0,0,0,0,0,0,0,0,0,0,,,
vaccinium_corymbosum,FW_Hunnewell,9157,NEBC,6/8/1924,Massachusetts,Norfolk,,519530,1,0,0,0,0,0,0,0,0,0,0,0,0,,,
vaccinium_corymbosum,EJ_Winslow,,NEBC,6/21/1912,Massachusetts,Norfolk,,519531,0,0,0,0,0,0,0,0,0,0,0,0,0,,,
vaccinium_corymbosum,FW_Hunnewell,14032,NEBC,5/16/1936,Massachusetts,Norfolk,,519532,1,0,0,0,0,0,0,0,0,0,0,0,0,,,
vaccinium_corymbosum,CH_Knowlton,,NEBC,5/11/1949,Massachusetts,Norfolk,,519533,0,0,2,0,0,0,0,0,0,0,0,0,0,,,
vaccinium_corymbosum,GG_Kennedy,,NEBC,5/25/1889,Massachusetts,Norfolk,,1015723,0,0,0,0,0,0,0,0,0,0,0,0,0,,,
vaccinium_corymbosum,NT_Ridder,,NEBC,6/2/1923,Massachusetts,Norfolk,,387977,0,0,0,0,0,0,0,0,0,0,0,0,0,,,
vaccinium_corymbosum,JR_Churchill,,NEBC,5/26/1901,Massachusetts,Norfolk,,519536,1,0,0,0,0,0,0,0,0,0,0,0,0,,,
vaccinium_corymbosum,TO_Fuller,,NEBC,7/10/1883,Massachusetts,Norfolk,,519539,3,0,0,0,0,0,0,0,0,0,0,0,0,,,
vaccinium_corymbosum,TO_Fuller,,NEBC,7/23/1898,Massachusetts,Norfolk,,519540,5,0,1,0,0,0,0,0,0,0,0,0,0,,,
vaccinium_corymbosum,TO_Fuller,,NEBC,5/19/1895,Massachusetts,Norfolk,"not random, only 5 boxes",519541,0,0,0,0,0,0,0,0,0,0,0,0,0,,,
vaccinium_corymbosum,FW_Hunnewell,9130,NEBC,6/8/1924,Massachusetts,Norfolk,,519543,0,0,0,0,0,0,0,0,0,0,0,0,0,,,
vaccinium_corymbosum,FW_Hunnewell,9155,NEBC,6/8/1924,Massachusetts,Norfolk,,519544,2,0,2,0,0,0,0,0,0,0,0,0,0,,,
vaccinium_corymbosum,"CH_Knowlton, FG_Floyd",,NEBC,5/25/1908,Massachusetts,Norfolk,,519545,0,0,0,0,0,0,0,0,0,0,0,0,0,,,
vaccinium_corymbosum,NT_Ridder,,NEBC,8/4/1890,Massachusetts,Norfolk,,519546,3,1,3,0,0,0,0,0,0,0,0,0,0,,,
vaccinium_corymbosum,EF_Williams,,GH,9/10/1899,Massachusetts,Norfolk,,519547,4,3,1,0,0,0,0,0,0,0,0,0,0,,,
vaccinium_corymbosum,JR_Churchill,,NEBC,7/20/1899,Massachusetts,Norfolk,"not random, only 5 boxes",519549,1,1,0,0,0,0,0,0,0,0,0,0,0,,,
vaccinium_corymbosum,E_Bartow,,NEBC,5/28/1885,Massachusetts,Norfolk,,519550,0,0,0,0,0,0,0,0,0,0,0,0,0,,,
vaccinium_corymbosum,FW_Hunnewell,,NEBC,5/11/1911,Massachusetts,Norfolk,,519551,0,0,0,0,0,0,0,0,0,0,0,0,0,,,
vaccinium_corymbosum,ML_Fernald,,GH,6/3/1891,Massachusetts,Norfolk,,519555,0,0,0,0,0,0,0,0,0,0,0,0,0,,,
vaccinium_corymbosum,G_Gilbert,,GH,5/14/1994,Massachusetts,Norfolk,,519556,0,0,0,0,0,0,0,0,0,0,0,0,0,,,
vaccinium_corymbosum,"ML_Fernald, FW_Hunnewell, B_Long",10781,NEBC,8/30/1913,Massachusetts,Plymouth,,519557,1,2,0,0,0,0,0,0,0,0,0,0,0,,,
vaccinium_corymbosum,"ML_Fernald, FW_Hunnewell, B_Long",10780,NEBC,8/30/1913,Massachusetts,Plymouth,,519558,3,1,4,0,0,0,0,0,0,0,0,0,0,,,
vaccinium_corymbosum,"ML_Fernald, FW_Hunnewell, B_Long",10179,NEBC,8/30/1913,Massachusetts,Plymouth,,519559,1,1,3,0,0,0,0,0,0,0,0,0,0,,,
vaccinium_corymbosum,"ML_Fernald, FW_Hunnewell, B_Long",10183,NEBC,8/30/1913,Massachusetts,Plymouth,,519560,4,1,5,0,0,0,0,0,0,0,0,0,0,,,
vaccinium_corymbosum,FF_Forbes,2789,GH,5/18/1902,Massachusetts,Plymouth,,519562,2,0,0,0,0,0,0,0,0,0,0,0,0,,,
vaccinium_corymbosum,FF_Forbes,2789,GH,7/13/1902,Massachusetts,Plymouth,,519563,3,1,0,0,0,0,0,0,0,0,0,0,0,,,
vaccinium_corymbosum,CH_Knowlton,,NEBC,5/30/1909,Massachusetts,Plymouth,,519564,1,0,0,0,0,0,0,0,0,0,0,0,0,,,
vaccinium_corymbosum,CH_Knowlton,,NEBC,6/27/1915,Massachusetts,Plymouth,,519565,1,3,0,0,0,0,0,0,0,0,0,0,0,,,
vaccinium_corymbosum,"ML_Fernald, B_Long",,NEBC,8/26/1913,Massachusetts,Plymouth,,519566,2,1,2,0,0,0,0,0,0,0,0,0,0,,,
vaccinium_corymbosum,"ML_Fernald, B_Long",,NEBC,8/26/1913,Massachusetts,Plymouth,,519567,1,1,2,0,0,0,0,0,0,0,0,0,0,,,
vaccinium_corymbosum,SNF_Sanford,587,NEBC,5/30/1914,Massachusetts,Plymouth,,519568,0,0,1,0,0,0,0,0,0,0,0,0,0,,,
vaccinium_corymbosum,"ML_Fernald, B_Long",10178,NEBC,8/26/1913,Massachusetts,Plymouth,,519569,3,1,0,0,0,0,0,0,0,0,0,0,0,,,
vaccinium_corymbosum,"ML_Fernald, B_Long",10177,NEBC,8/26/1913,Massachusetts,Plymouth,,519570,3,0,5,0,0,0,0,0,0,0,0,0,0,,,
vaccinium_corymbosum,CH_Knowlton,,NEBC,7/4/1914,Massachusetts,Plymouth,,519571,4,2,0,0,0,0,0,0,0,0,0,0,0,,,
vaccinium_corymbosum,J_Alexander,80-4,AA,7/27/1980,Massachusetts,Plymouth,,519572,0,2,1,0,0,0,0,0,0,0,0,0,0,,,
vaccinium_corymbosum,CH_Morss,,NEBC,5/30/1885,Massachusetts,Plymouth,"not random, only 5 boxes",519573,0,1,0,0,0,0,0,0,0,0,0,0,0,,,
vaccinium_corymbosum,CH_Knowlton,,NEBC,6/26/1941,Massachusetts,Plymouth,,519574,1,0,0,0,0,0,0,0,0,0,0,0,0,,,
vaccinium_corymbosum,CH_Knowlton,,NEBC,6/26/1941,Massachusetts,Plymouth,,519575,1,1,1,0,0,0,0,0,0,0,0,0,0,,,
vaccinium_corymbosum,"ML_Fernald, FW_Hunnewell, B_Long",10189,GH,9/6/1913,Massachusetts,Plymouth,,519576,3,0,0,0,0,0,0,0,0,0,0,0,0,,,
vaccinium_corymbosum,"ML_Fernald, FW_Hunnewell, B_Long",10188,GH,9/6/1913,Massachusetts,Plymouth,,519577,4,0,3,0,0,0,0,0,0,0,0,0,0,,,
vaccinium_corymbosum,"ML_Fernald, FW_Hunnewell, B_Long",10188,NEBC,9/6/1913,Massachusetts,Plymouth,,519578,3,0,1,0,0,0,0,0,0,0,0,0,0,,,
vaccinium_corymbosum,"ML_Fernald, FW_Hunnewell, B_Long",10187,NEBC,9/6/1913,Massachusetts,Plymouth,,519579,1,0,4,0,0,0,0,0,0,0,0,0,0,,,
vaccinium_corymbosum,"ML_Fernald, SS_Clark",17279,NEBC,9/7/1918,Massachusetts,Plymouth,,519580,1,0,1,0,0,0,0,0,0,0,0,0,0,,,
vaccinium_corymbosum,"ML_Fernald, FW_Hunnewell",15364,NEBC,6/9/1916,Massachusetts,Plymouth,,519582,0,0,0,0,0,0,0,0,0,0,0,0,0,,,
vaccinium_corymbosum,"ML_Fernald, FW_Hunnewell, B_Long",10189,NEBC,9/6/1913,Massachusetts,Plymouth,,519581,1,0,2,0,0,0,0,0,0,0,0,0,0,,,
vaccinium_corymbosum,"ML_Fernald, FW_Hunnewell, B_Long",10171,NEBC,10/2/1913,Massachusetts,Plymouth,,519582,2,1,1,0,0,0,0,0,0,0,0,0,0,,,
vaccinium_corymbosum,?_Schweinfurth,,OA,5/19/1916,Massachusetts,Bristol,,519586,0,0,0,0,0,0,0,0,0,0,0,0,0,,,
vaccinium_corymbosum,?_Eaton,,OA,5/14/1903,Massachusetts,Bristol,,519588,0,0,0,0,0,0,0,0,0,0,0,0,0,,,
vaccinium_corymbosum,C_Blombery,,OA,5/14/1902,Massachusetts,Bristol,,519590,0,0,0,0,0,0,0,0,0,0,0,0,0,,,
vaccinium_corymbosum,"CA_Cheever, CH_Knowlton",,NEBC,7/9/1923,Massachusetts,Bristol,,519591,3,1,1,0,0,0,0,0,0,0,0,0,0,,,
vaccinium_corymbosum,SNF_Sanford,,NEBC,5/23/1914,Massachusetts,Bristol,,519592,0,1,0,0,0,0,0,0,0,0,0,0,0,,,
vaccinium_corymbosum,FW_Hunnewell,13156,NEBC,6/6/1934,Massachusetts,Bristol,,519593,0,1,0,0,0,0,0,0,0,0,0,0,0,,,
vaccinium_corymbosum,CF_Batchelder,209,NEBC,9/7/1884,Massachusetts,Plymouth,,519597,4,1,1,0,0,0,0,0,0,0,0,0,0,,,
vaccinium_corymbosum,FW_Hunnewell,13232,NEBC,7/16/1934,Massachusetts,Bristol,,519598,1,2,1,0,0,0,0,0,0,0,0,0,0,,,
vaccinium_corymbosum,FF_Forbes,,NEBC,5/23/1914,Massachusetts,Bristol,,519599,0,0,0,0,0,0,0,0,0,0,0,0,0,,,
vaccinium_corymbosum,SNF_Sanford,368,NEBC,5/24/1912,Massachusetts,Bristol,,519600,0,0,3,0,0,0,0,0,0,0,0,0,0,,,
vaccinium_corymbosum,FF_Forbes,,NEBC,5/23/1914,Massachusetts,Bristol,,519601,2,2,0,0,0,0,0,0,0,0,0,0,0,,,
vaccinium_corymbosum,SNF_Sanford,367,NEBC,5/24/1912,Massachusetts,Bristol,,519602,0,0,1,0,0,0,0,0,0,0,0,0,0,,,
vaccinium_corymbosum,"ML_Fernald, B_Long",18959,GH,7/24/1919,Massachusetts,Barnstable,,519604,3,0,5,0,0,0,0,0,0,0,0,0,0,,,
vaccinium_corymbosum,"ML_Fernald, B_Long",18959,AA,7/24/1919,Massachusetts,Barnstable,,519605,2,0,4,0,0,0,0,0,0,0,0,0,0,,,
vaccinium_corymbosum,"ML_Fernald, B_Long",18961,NEBC,7/24/1919,Massachusetts,Barnstable,,519606,3,0,1,0,0,0,0,0,0,0,0,0,0,,,
vaccinium_corymbosum,"ML_Fernald, B_Long",18963,AA,7/24/1919,Massachusetts,Barnstable,,519607,2,1,1,0,0,0,0,0,0,0,0,0,0,,,
vaccinium_corymbosum,"ML_Fernald, B_Long",18962,AA,7/24/1919,Massachusetts,Barnstable,,519608,1,1,0,0,0,0,0,0,0,0,0,0,0,,,
vaccinium_corymbosum,"RW_Woodward, ML_Fernald",15362,NEBC,6/10/1916,Massachusetts,Barnstable,,519609,0,1,0,0,0,0,0,0,0,0,0,0,0,,,
vaccinium_corymbosum,"RW_Woodward, ML_Fernald",15370,NEBC,6/10/1916,Massachusetts,Barnstable,,519610,2,5,0,0,0,0,0,0,0,0,0,0,0,,,
vaccinium_corymbosum,"RW_Woodward, ML_Fernald",15371,NEBC,6/10/1916,Massachusetts,Barnstable,,519611,0,0,0,0,0,0,0,0,0,0,0,0,0,,,
vaccinium_corymbosum,"ML_Fernald, B_Long",18959,NEBC,7/24/1919,Massachusetts,Barnstable,,519612,0,0,2,0,0,0,0,0,0,0,0,0,0,,,
vaccinium_corymbosum,"ML_Fernald, B_Long",18962,NEBC,7/24/1919,Massachusetts,Barnstable,,519613,2,1,0,0,0,0,0,0,0,0,0,0,0,,,
vaccinium_corymbosum,"ML_Fernald, B_Long",18963,NEBC,7/24/1919,Massachusetts,Barnstable,,519614,0,0,1,0,0,0,0,0,0,0,0,0,0,,,
vaccinium_corymbosum,"HW_Child, CH_Knowlton, FW_Bird, RC_Bean",16270,NEBC,6/10/1916,Massachusetts,Barnstable,,519615,1,0,1,0,0,0,0,0,0,0,0,0,0,,,
vaccinium_corymbosum,"ML_Fernald, B_Long",18946,GH,8/21/1919,Massachusetts,Barnstable,,519616,2,1,3,0,0,0,0,0,0,0,0,0,0,,,
vaccinium_corymbosum,"HW_Child, CH_Knowlton, FW_Bird, RC_Bean",16397,NEBC,6/10/1916,Massachusetts,Barnstable,,519617,0,0,0,0,0,0,0,0,0,0,0,0,0,,,
vaccinium_corymbosum,FS_Collins,2716,NEBC,8/4/1914,Massachusetts,Barnstable,,519618,4,0,1,0,0,0,0,0,0,0,0,0,0,,,
vaccinium_corymbosum,FS_Collins,2715,NEBC,8/4/1914,Massachusetts,Barnstable,,519619,3,2,0,0,0,0,0,0,0,0,0,0,0,,,
vaccinium_corymbosum,Fs_Collins,3320,NEBC,5/28/1915,Massachusetts,Barnstable,,519620,0,0,1,0,0,0,0,0,0,0,0,0,0,,,
vaccinium_corymbosum,"ML_Fernald, B_Long",18966,GH,7/20/1919,Massachusetts,Barnstable,,519621,2,0,2,0,0,0,0,0,0,0,0,0,0,,,
vaccinium_corymbosum,"ML_Fernald, B_Long",18967,AA,7/17/1919,Massachusetts,Barnstable,,519622,4,1,0,0,0,0,0,0,0,0,0,0,0,,,
vaccinium_corymbosum,FS_Collins,2039,NEBC,5/18/1914,Massachusetts,Barnstable,,519623,0,0,0,0,0,0,0,0,0,0,0,0,0,,,
vaccinium_corymbosum,"ML_Fernald, B_Long",18966,NEBC,7/20/1919,Massachusetts,Barnstable,,519624,3,1,2,0,0,0,0,0,0,0,0,0,0,,,
vaccinium_corymbosum,"ML_Fernald, B_Long",18967,NEBC,7/17/1919,Massachusetts,Barnstable,,519625,2,0,0,0,0,0,0,0,0,0,0,0,0,,,
vaccinium_corymbosum,"ML_Fernald, B_Long",18965,NEBC,7/20/1919,Massachusetts,Barnstable,,519626,0,2,0,0,0,0,0,0,0,0,0,0,0,,,
vaccinium_corymbosum,"ML_Fernald, B_Long",10186,NEBC,9/9/1913,Massachusetts,Barnstable,,519627,4,4,5,0,0,0,0,0,0,0,0,0,0,,,
vaccinium_corymbosum,EF_Williams,,NEBC,7/6/1911,Massachusetts,Barnstable,,519628,0,0,0,0,0,0,0,0,0,0,0,0,0,,,
vaccinium_corymbosum,EF_Williams,,GH,7/6/1911,Massachusetts,Barnstable,,519629,0,1,0,0,0,0,0,0,0,0,0,0,0,,,
vaccinium_corymbosum,"ML_Fernald, B_Long",18953,AA,7/29/1919,Massachusetts,Barnstable,,519630,0,1,0,0,0,0,0,0,0,0,0,0,0,,,
vaccinium_corymbosum,"ML_Fernald, B_Long",18953,GH,7/29/1919,Massachusetts,Barnstable,,519631,2,1,0,0,0,0,0,0,0,0,0,0,0,,,
vaccinium_corymbosum,"ML_Fernald, B_Long",17280,AA,8/16/1918,Massachusetts,Barnstable,,519632,2,1,0,0,0,0,0,0,0,0,0,0,0,,,
vaccinium_corymbosum,"ML_Fernald, B_Long",18952,AA,7/18/1919,Massachusetts,Barnstable,,519633,5,0,0,0,0,0,0,0,0,0,0,0,0,,,
vaccinium_corymbosum,"ML_Fernald, B_Long",18954,AA,7/29/1919,Massachusetts,Barnstable,,519634,5,0,0,0,0,0,0,0,0,0,0,0,0,,,
vaccinium_corymbosum,"ML_Fernald, B_Long",18954,NEBC,7/19/1919,Massachusetts,Barnstable,,519635,1,1,1,0,0,0,0,0,0,0,0,0,0,,,
vaccinium_corymbosum,CA_Weatherby,,NEBC,8/3/1913,Massachusetts,Barnstable,,519636,3,0,4,0,0,0,0,0,0,0,0,0,0,,,
vaccinium_corymbosum,"ML_Fernald, B_Long",17280,NEBC,8/16/1918,Massachusetts,Barnstable,,519637,3,1,0,0,0,0,0,0,0,0,0,0,0,,,
vaccinium_corymbosum,"ML_Fernald, B_Long",18952,NEBC,7/18/1919,Massachusetts,Barnstable,,519638,4,0,0,0,0,0,0,0,0,0,0,0,0,,,
vaccinium_corymbosum,FS_Collins,2456,NEBC,6/23/1914,Massachusetts,Barnstable,,519639,1,0,2,0,0,0,0,0,0,0,0,0,0,,,
vaccinium_corymbosum,ML_Fernald,18964,NEBC,7/9/1919,Massachusetts,Barnstable,,519640,2,0,0,0,0,0,0,0,0,0,0,0,0,,,
vaccinium_corymbosum,CA_Weatherby,,NEBC,8/3/1913,Massachusetts,Barnstable,,519641,1,1,2,0,0,0,0,0,0,0,0,0,0,,,
vaccinium_corymbosum,"ML_Fernald, B_Long",18955,NEBC,7/29/1919,Massachusetts,Barnstable,,519642,2,3,1,0,0,0,0,0,0,0,0,0,0,,,
vaccinium_corymbosum,"ML_Fernald, B_Long",18953,NEBC,7/29/1919,Massachusetts,Barnstable,,519643,2,0,0,0,0,0,0,0,0,0,0,0,0,,,
vaccinium_corymbosum,EJ_Palmer,44808,AA,7/2/1939,Massachusetts,Barnstable,,519644,2,0,0,0,0,0,0,0,0,0,0,0,0,,,
vaccinium_corymbosum,"ML_Fernald, B_Long",18951,AA,7/27/1919,Massachusetts,Barnstable,,519645,4,0,1,0,0,0,0,0,0,0,0,0,0,,,
vaccinium_corymbosum,"ML_Fernald, B_Long",18958,--,8/3/1919,Massachusetts,Barnstable,,519646,1,0,3,0,0,0,0,0,0,0,0,0,0,,,
vaccinium_corymbosum,"ML_Fernald, B_Long",18949,AA,7/27/1919,Massachusetts,Barnstable,,519647,4,0,2,0,0,0,0,0,0,0,0,0,0,,,
vaccinium_corymbosum,"ML_Fernald, B_Long",18950,NEBC,7/27/1919,Massachusetts,Barnstable,,519648,4,1,1,0,0,0,0,0,0,0,0,0,0,,,
vaccinium_corymbosum,"ML_Fernald, B_Long",18958,NEBC,8/3/1919,Massachusetts,Barnstable,,519649,2,1,1,0,0,0,0,0,0,0,0,0,0,,,
vaccinium_corymbosum,"ML_Fernald, B_Long",18957,NEBC,8/2/1919,Massachusetts,Barnstable,,519650,4,2,1,0,0,0,0,0,0,0,0,0,0,,,
vaccinium_corymbosum,"ML_Fernald, B_Long",18949,NEBC,7/27/1919,Massachusetts,Barnstable,,519651,4,1,0,0,0,0,0,0,0,0,0,0,0,,,
vaccinium_corymbosum,"ML_Fernald, B_Long",18960,NEBC,8/3/1919,Massachusetts,Barnstable,,519652,1,2,0,0,0,0,0,0,0,0,0,0,0,,,
vaccinium_corymbosum,"ML_Fernald, B_Long",18951,NEBC,7/27/1919,Massachusetts,Barnstable,,519653,4,0,0,0,0,0,0,0,0,0,0,0,0,,,
vaccinium_corymbosum,FS_Collins,1629,NEBC,9/13/1912,Massachusetts,Barnstable,,519654,2,0,0,0,0,0,0,0,0,0,0,0,0,,,
vaccinium_corymbosum,FS_Collins,1386,NEBC,6/16/1912,Massachusetts,Barnstable,,519655,3,0,2,0,0,0,0,0,0,0,0,0,0,,,
vaccinium_corymbosum,CH_Knowlton,,NEBC,6/8/1939,Massachusetts,Barnstable,,519656,0,0,0,0,0,0,0,0,0,0,0,0,0,,,
vaccinium_corymbosum,"P_Somers, P_Swain",,GH,9/16/1992,Massachusetts,Barnstable,,672439,4,2,2,0,0,0,0,0,0,0,0,0,0,,,
vaccinium_corymbosum,GG_Kennedy,,GH,7/21/1909,Massachusetts,Barnstable,,519657,3,0,1,0,0,0,0,0,0,0,0,0,0,,,
vaccinium_corymbosum,"ML_Fernald, B_Long",18947,AA,7/30/1919,Massachusetts,Barnstable,,519658,1,0,2,0,0,0,0,0,0,0,0,0,0,,,
vaccinium_corymbosum,"ML_Fernald, FW_Hunnewell",15367,NEBC,6/9/1916,Massachusetts,Barnstable,,519659,0,0,0,0,0,0,0,0,0,0,0,0,0,,,
vaccinium_corymbosum,"ML_Fernald, FW_Hunnewell",15369,NEBC,6/9/1916,Massachusetts,Barnstable,,519660,1,0,0,0,0,0,0,0,0,0,0,0,0,,,
vaccinium_corymbosum,"ML_Fernald, B_Long",18947,NEBC,7/30/1919,Massachusetts,Barnstable,,519661,4,1,0,0,0,0,0,0,0,0,0,0,0,,,
vaccinium_corymbosum,"ML_Fernald, FW_Hunnewell",15368,NEBC,6/9/1916,Massachusetts,Barnstable,,519662,0,0,0,0,0,0,0,0,0,0,0,0,0,,,
vaccinium_corymbosum,"ML_Fernald, B_Long",18948,NEBC,7/30/1919,Massachusetts,Barnstable,,519663,2,0,0,0,0,0,0,0,0,0,0,0,0,,,
vaccinium_corymbosum,EW_Sinnott,,NEBC,7/27/1907,Massachusetts,Barnstable,,519664,1,0,2,0,0,0,0,0,0,0,0,0,0,,,
vaccinium_corymbosum,CH_Knowlton,,NEBC,7/8/1915,Massachusetts,Barnstable,,519665,1,0,1,0,0,0,0,0,0,0,0,0,0,,,
vaccinium_corymbosum,"EJ_Winslow, SNF_Sanford",,NEBC,6/10/1916,Massachusetts,Barnstable,,519666,0,0,0,0,0,0,0,0,0,0,0,0,0,,,
vaccinium_corymbosum,"EJ_Winslow, SNF_Sanford",,NEBC,6/10/1916,Massachusetts,Barnstable,,519667,0,1,2,0,0,0,0,0,0,0,0,0,0,,,
vaccinium_corymbosum,"EJ_Winslow, SNF_Sanford",,NEBC,6/10/1916,Massachusetts,Barnstable,,519668,0,0,0,0,0,0,0,0,0,0,0,0,0,,,
vaccinium_corymbosum,"EJ_Winslow, SNF_Sanford",,NEBC,6/10/1916,Massachusetts,Barnstable,,519669,0,0,1,0,0,0,0,0,0,0,0,0,0,,,
vaccinium_corymbosum,ML_Fernald,18956,NEBC,10/4/1919,Massachusetts,Barnstable,,519670,1,0,2,0,0,0,0,0,0,0,0,0,0,,,
vaccinium_corymbosum,FS_Collins,2487,NEBC,6/23/1914,Massachusetts,Barnstable,,519671,1,0,0,0,0,0,0,0,0,0,0,0,0,,,
vaccinium_corymbosum,"EJ_Winslow, SNF_Sanford",,NEBC,6/10/1916,Massachusetts,Barnstable,,519673,0,0,1,0,0,0,0,0,0,0,0,0,0,,,
vaccinium_corymbosum,"EJ_Winslow, SNF_Sanford",,NEBC,6/10/1916,Massachusetts,Barnstable,,519674,2,0,0,0,0,0,0,0,0,0,0,0,0,,,
vaccinium_corymbosum,"JH_Emerton, HB_Jackson",,NEBC,6/10/1916,Massachusetts,Barnstable,,519675,0,0,0,0,0,0,0,0,0,0,0,0,0,,,
vaccinium_corymbosum,EW_Sinnott,,NEBC,5/30/1909,Massachusetts,Barnstable,,519676,0,0,0,0,0,0,0,0,0,0,0,0,0,,,
vaccinium_corymbosum,EW_Sinnott,,NEBC,5/30/1909,Massachusetts,Barnstable,,519677,0,0,0,0,0,0,0,0,0,0,0,0,0,,,
vaccinium_corymbosum,"ML_Fernald, JM_FoggJr",659,NEBC,8/18/1927,Massachusetts,Barnstable,,519678,2,0,0,0,0,0,0,0,0,0,0,0,0,,,
vaccinium_corymbosum,F_?,,GH,8/1/1934,Massachusetts,Barnstable,,519679,3,0,0,0,0,0,0,0,0,0,0,0,0,,,
vaccinium_corymbosum,FC_Seymour,1760,GH,6/8/1917,Massachusetts,Dukes,,519682,0,0,0,0,0,0,0,0,0,0,0,0,0,,,
vaccinium_corymbosum,FC_Seymour,1306,GH,6/7/1917,Massachusetts,Dukes,,519684,2,0,0,0,0,0,0,0,0,0,0,0,0,,,
vaccinium_corymbosum,"ML_Fernald, JM_FoggJr",1013,NEBC,8/16/1928,Massachusetts,Dukes,,519685,4,2,0,0,0,0,0,0,0,0,0,0,0,,,
vaccinium_corymbosum,FC_Seymour,1306,NEBC,6/7/1917,Massachusetts,Dukes,,519686,0,0,1,0,0,0,0,0,0,0,0,0,0,,,
vaccinium_corymbosum,FC_Seymour,1308,GH,6/29/1916,Massachusetts,Dukes,,519689,2,0,0,0,0,0,0,0,0,0,0,0,0,,,
vaccinium_corymbosum,Fc_Seymour,1307,GH,6/29/1916,Massachusetts,Dukes,,519690,2,0,1,0,0,0,0,0,0,0,0,0,0,,,
vaccinium_corymbosum,EJ_Palmer,45057,AA,6/27/1940,Massachusetts,Dukes,,519691,0,0,0,0,0,0,0,0,0,0,0,0,0,,,
vaccinium_corymbosum,FC_Seymour,1307,NEBC,6/29/1916,Massachusetts,Dukes,,519692,0,0,1,0,0,0,0,0,0,0,0,0,0,,,
vaccinium_corymbosum,FC_Seymour,1308,NEBC,6/29/1916,Massachusetts,Dukes,,519693,0,0,0,0,0,0,0,0,0,0,0,0,0,,,
vaccinium_corymbosum,EP_Bicknell,6916,NEBC,8/9/1906,Massachusetts,Nantucket,,519694,0,0,0,0,0,0,0,0,0,0,0,0,0,,,
vaccinium_corymbosum,EP_Bicknell,6902,NEBC,9/10/1904,Massachusetts,Nantucket,,519695,3,0,1,0,0,0,0,0,0,0,0,0,0,,,
vaccinium_corymbosum,EP_Bicknell,6904,NEBC,8/12/1906,Massachusetts,Nantucket,,519697,0,0,2,0,0,0,0,0,0,0,0,0,0,,,
vaccinium_corymbosum,SD_McKelvey,,AA,8/30/1925,Massachusetts,Dukes,,519698,3,0,2,0,0,0,0,0,0,0,0,0,0,,,
vaccinium_corymbosum,EP_Bicknell,6891,NEBC,9/1/1904,Massachusetts,Nantucket,,519699,0,0,1,0,0,0,0,0,0,0,0,0,0,,,
vaccinium_corymbosum,MA_Day,83,GH,6/5/1900,Massachusetts,Nantucket,,519700,0,0,1,0,0,0,0,0,0,0,0,0,0,,,
vaccinium_corymbosum,EP_Bicknell,6896,NEBC,6/10/1908,Massachusetts,Nantucket,,519701,0,1,0,0,0,0,0,0,0,0,0,0,0,,,
vaccinium_corymbosum,MA_Day,40,NEBC,5/30/1900,Massachusetts,Nantucket,,519702,0,0,0,0,0,0,0,0,0,0,0,0,0,,,
vaccinium_corymbosum,MA_Day,40,GH,5/30/1900,Massachusetts,Nantucket,,519703,0,0,0,0,0,0,0,0,0,0,0,0,0,,,
vaccinium_corymbosum,JR_Churchill,,NEBC,5/29/1921,Massachusetts,Worcester,,519704,0,0,0,0,0,0,0,0,0,0,0,0,0,,,
vaccinium_corymbosum,JR_Churchill,,NEBC,5/29/1921,Massachusetts,Worcester,,519705,0,0,0,0,0,0,0,0,0,0,0,0,0,,,
vaccinium_corymbosum,"JH_Emerton, CH_Knowlton",,NEBC,5/30/1914,Massachusetts,Worcester,,519706,0,0,0,0,0,0,0,0,0,0,0,0,0,,,
vaccinium_corymbosum,"JH_Emerton, CH_Knowlton",,NEBC,5/30/1914,Massachusetts,Worcester,,519707,0,0,0,0,0,0,0,0,0,0,0,0,0,,,
vaccinium_corymbosum,"JH_Emerton, CH_Knowlton",,NEBC,5/30/1914,Massachusetts,Worcester,,519708,0,0,1,0,0,0,0,0,0,0,0,0,0,,,
vaccinium_corymbosum,"D_Potter, G_Pride",,NEBC,6/15/1939,Massachusetts,Worcester,,519712,1,0,0,0,0,0,0,0,0,0,0,0,0,,,
vaccinium_corymbosum,"CH_Knowlton, RC_Bean, C_Schweinfurth",16201,NEBC,5/21/1916,Massachusetts,Worcester,"not random, only 4 boxes",519714,0,0,0,0,0,0,0,0,0,0,0,0,0,,,
vaccinium_corymbosum,"AF_Hill, H_StJohn, GS Torrey",T251,NEBC,5/16/1913,Massachusetts,Worcester,,519713,0,0,1,0,0,0,0,0,0,0,0,0,0,,,
vaccinium_corymbosum,CH_Knowlton,,NEBC,7/9/1933,Massachusetts,Worcester,,519715,2,0,0,0,0,0,0,0,0,0,0,0,0,,,
vaccinium_corymbosum,FW_Hunnewell,19208,NEBC,5/9/1949,Massachusetts,Worcester,,519716,0,0,0,0,0,0,0,0,0,0,0,0,0,,,
vaccinium_corymbosum,CG_Borman,,GH,7/17/1913,Massachusetts,Worcester,,519717,2,1,0,0,0,0,0,0,0,0,0,0,0,,,
vaccinium_corymbosum,Schweinfurth,,OA,5/20/1916,Massachusetts,Worcester,,519718,0,0,0,0,0,0,0,0,0,0,0,0,0,,,
vaccinium_corymbosum,"AS_Goodale, SF_Potsubay, FR_StJohn",,NEBC,8/20/1931,Massachusetts,Worcester,,519719,0,0,1,0,0,0,0,0,0,0,0,0,0,,,
vaccinium_corymbosum,ML_Fernald,15360,NEBC,5/20/1916,Massachusetts,Worcester,,519722,0,1,0,0,0,0,0,0,0,0,0,0,0,,,
vaccinium_corymbosum,CM_Litch,,GH,5/19/1926,Massachusetts,Worcester,,519724,0,0,0,0,0,0,0,0,0,0,0,0,0,,,
vaccinium_corymbosum,"EJ_Winslow, J_Murdoch, H_StJohn",,NEBC,5/30/1914,Massachusetts,Worcester,,519725,0,0,0,0,0,0,0,0,0,0,0,0,0,,,
vaccinium_corymbosum,RH_Lombard,949,,5/21/1933,Massachusetts,Worcester,,519727,0,1,0,0,0,0,0,0,0,0,0,0,0,,,
vaccinium_corymbosum,"AS_Goodale, SF_Potsubay, FR_StJohn",,NEBC,7/31/1931,Massachusetts,Worcester,,519728,0,0,0,0,0,0,0,0,0,0,0,0,0,,,
vaccinium_corymbosum,"AS_Goodale, SF_Potsubay, FR_StJohn",,NEBC,7/31/1931,Massachusetts,Worcester,,519729,0,0,3,0,0,0,0,0,0,0,0,0,0,,,
vaccinium_corymbosum,FW_Hunnewell,15399,GH,5/17/1938,Massachusetts,Worcester,,519730,0,0,0,0,0,0,0,0,0,0,0,0,0,,,
vaccinium_corymbosum,"RC_Bean, C_Schweinfurth",,NEBC,5/20/1916,Massachusetts,Worcester,,519732,0,0,0,0,0,0,0,0,0,0,0,0,0,,,
vaccinium_corymbosum,"SF_Blake, ML_Fernald",3635,NEBC,5/30/1912,Massachusetts,Worcester,,519731,1,0,0,0,0,0,0,0,0,0,0,0,0,,,
vaccinium_corymbosum,G_Richardson,,AA,7/31/1925,Massachusetts,Worcester,,519733,1,0,0,0,0,0,0,0,0,0,0,0,0,,,
vaccinium_corymbosum,?_Thayer,,AA,8/14/1925,Massachusetts,Worcester,,519734,0,0,0,0,0,0,0,0,0,0,0,0,0,,,
vaccinium_corymbosum,FC_Seymour,6097,NEBC,5/11/1944,Massachusetts,Worcester,,519735,0,0,0,0,0,0,0,0,0,0,0,0,0,,,
vaccinium_corymbosum,EJ_Winslow,,NEBC,6/13/1915,Massachusetts,Worcester,,519736,1,0,0,0,0,0,0,0,0,0,0,0,0,,,
vaccinium_corymbosum,"KM_Wiegard, FW_Hunnewell",,NEBC,6/12/1912,Massachusetts,Worcester,,519737,0,1,0,0,0,0,0,0,0,0,0,0,0,,,
vaccinium_corymbosum,G_Richardson,,NEBC,7/31/1925,Massachusetts,Worcester,,519738,0,0,1,0,0,0,0,0,0,0,0,0,0,,,
vaccinium_corymbosum,"SF_Blake, ML_Fernald",3633,NEBC,5/30/1912,Massachusetts,Worcester,,519739,0,0,0,0,0,0,0,0,0,0,0,0,0,,,
vaccinium_corymbosum,"KM_Wiegard, FW_Hunnewell",,NEBC,5/30/1912,Massachusetts,Worcester,,519740,0,1,0,0,0,0,0,0,0,0,0,0,0,,,
vaccinium_corymbosum,"KM_Wiegard, FW_Hunnewell",,NEBC,5/30/1912,Massachusetts,Worcester,,519741,0,0,0,0,0,0,0,0,0,0,0,0,0,,,
vaccinium_corymbosum,FW_Hunnewell,,NEBC,6/2/1912,Massachusetts,Worcester,,519742,0,0,1,0,0,0,0,0,0,0,0,0,0,,,
vaccinium_corymbosum,"ML_Fernald, RC_Bean",14149,NEBC,5/30/1914,Massachusetts,Worcester,,519743,2,0,0,0,0,0,0,0,0,0,0,0,0,,,
vaccinium_corymbosum,"ML_Fernald, RC_Bean",14136,NEBC,5/30/1914,Massachusetts,Worcester,,519744,2,1,1,0,0,0,0,0,0,0,0,0,0,,,
vaccinium_corymbosum,FW_Hunnewell,13114,NEBC,5/27/1934,Massachusetts,Worcester,,519745,1,0,0,0,0,0,0,0,0,0,0,0,0,,,
vaccinium_corymbosum,"BN_Gates, FC_Seymour",17961,NEBC,8/18/1958,Massachusetts,Worcester,,519746,1,0,0,0,0,0,0,0,0,0,0,0,0,,,
vaccinium_corymbosum,D_Potter,,NEBC,6/7/1935,Massachusetts,Worcester,,519747,2,0,0,0,0,0,0,0,0,0,0,0,0,,,
vaccinium_corymbosum,J_MurdochJr,,NEBC,5/30/1914,Massachusetts,Worcester,,519748,0,0,0,0,0,0,0,0,0,0,0,0,0,,,
vaccinium_corymbosum,"G_Turesson, CG_Alm",40,NEBC,6/6/1938,Massachusetts,Worcester,,519749,1,0,0,0,0,0,0,0,0,0,0,0,0,,,
vaccinium_corymbosum,ML_Fernald,15366,NEBC,5/20/1916,Massachusetts,Worcester,,519750,0,0,0,0,0,0,0,0,0,0,0,0,0,,,
vaccinium_corymbosum,CA_Weatherby,,NEBC,7/22/1913,Massachusetts,Worcester,,519751,2,1,0,0,0,0,0,0,0,0,0,0,0,,,
vaccinium_corymbosum,CA_Weatherby,,NEBC,7/22/1913,Massachusetts,Worcester,,519752,1,1,3,0,0,0,0,0,0,0,0,0,0,,,
vaccinium_corymbosum,RI_Bertin,2234,NEBC,6/11/2003,Massachusetts,Worcester,,519753,1,0,0,0,0,0,0,0,0,0,0,0,0,,,
vaccinium_corymbosum,FW_Hunnewell,15021,NEBC,5/16/1937,Massachusetts,Worcester,,519754,0,1,0,0,0,0,0,0,0,0,0,0,0,,,
vaccinium_corymbosum,FW_Hunnewell,15022,NEBC,5/16/1937,Massachusetts,Worcester,,519755,0,0,1,0,0,0,0,0,0,0,0,0,0,,,
vaccinium_corymbosum,"ML_Fernald, FW_Hunnewell",,NEBC,5/16/1913,Massachusetts,Worcester,,519756,0,0,0,0,0,0,0,0,0,0,0,0,0,,,
vaccinium_corymbosum,"ML_Fernald, FW_Hunnewell",,NEBC,5/16/1913,Massachusetts,Worcester,,519757,0,1,0,0,0,0,0,0,0,0,0,0,0,,,
vaccinium_corymbosum,"FF_Forbes, EJ_Winslow",,NEBC,5/30/1914,Massachusetts,Worcester,,519761,0,0,2,0,0,0,0,0,0,0,0,0,0,,,
vaccinium_corymbosum,"FF_Forbes, EJ_Winslow",,NEBC,5/30/1914,Massachusetts,Worcester,,519762,0,0,0,0,0,0,0,0,0,0,0,0,0,,,
vaccinium_corymbosum,"FF_Forbes, EJ_Winslow",,NEBC,5/30/1914,Massachusetts,Worcester,,519763,0,0,0,0,0,0,0,0,0,0,0,0,0,,,
vaccinium_corymbosum,FW_Hunnewell,9611,NEBC,5/30/1925,Massachusetts,Worcester,,519764,0,0,0,0,0,0,0,0,0,0,0,0,0,,,
vaccinium_corymbosum,FW_Hunnewell,9612,NEBC,5/30/1925,Massachusetts,Worcester,,519765,0,0,0,0,0,0,0,0,0,0,0,0,0,,,
vaccinium_corymbosum,"JR_Churchill, CA_Weatherby",,NEBC,5/30/1914,Massachusetts,Worcester,,519766,1,0,0,0,0,0,0,0,0,0,0,0,0,,,
vaccinium_corymbosum,"JR_Churchill, CA_Weatherby",,NEBC,5/30/1914,Massachusetts,Worcester,,519767,1,0,0,0,0,0,0,0,0,0,0,0,0,,,
vaccinium_corymbosum,"JR_Churchill, CA_Weatherby",,NEBC,5/30/1914,Massachusetts,Worcester,,519768,0,0,0,0,0,0,0,0,0,0,0,0,0,,,
vaccinium_corymbosum,H_Merrifield,,NEBC,5/27/1879,Massachusetts,Worcester,,519769,2,0,0,0,0,0,0,0,0,0,0,0,0,,,
vaccinium_corymbosum,"AS_Goodale, SF_Potsubay, FR_StJohn",,NEBC,7/28/1931,Massachusetts,Franklin,,519780,1,0,3,1,0,0,0,0,0,0,0,0,0,,,
vaccinium_corymbosum,"AS_Goodale, SF_Potsubay, FR_StJohn",,NEBC,7/28/1931,Massachusetts,Franklin,,519779,3,4,0,0,0,0,0,0,0,0,0,0,0,,,
vaccinium_corymbosum,JM_Hunnewell,,NEBC,5/23/1909,Massachusetts,Franklin,,519778,0,0,0,0,0,0,0,0,0,0,0,0,0,,,
vaccinium_corymbosum,WC_Markert,,NEBC,6/2/1932,Massachusetts,Franklin,,519777,1,1,0,0,0,0,0,0,0,0,0,0,0,,,
vaccinium_corymbosum,GH_Leland,,NEBC,5/16/1880,Massachusetts,Franklin,,519775,0,0,0,0,0,0,0,0,0,0,0,0,0,,,
vaccinium_corymbosum,JR_Churchill,,NEBC,7/9/1921,Massachusetts,Franklin,,519774,1,1,0,0,0,0,0,0,0,0,0,0,0,,,
vaccinium_corymbosum,FF_Forbes,,NEBC,6/14/1913,Massachusetts,Franklin,,519773,2,1,0,0,0,0,0,0,0,0,0,0,0,,,
vaccinium_corymbosum,JR_Churchill,,NEBC,7/9/1921,Massachusetts,Franklin,,519772,0,0,0,0,0,0,0,0,0,0,0,0,0,,,
vaccinium_corymbosum,CH_Knowlton,,NEBC,6/10/1911,Massachusetts,Franklin,,519770,1,0,0,0,0,0,0,0,0,0,0,0,0,,,
vaccinium_corymbosum,"EB_Harger, ML_Fernald",,NEBC,5/17/1913,Massachusetts,Franklin,,519781,1,0,0,0,0,0,0,0,0,0,0,0,0,,,
vaccinium_corymbosum,"EB_Harger, ML_Fernald",,NEBC,5/17/1913,Massachusetts,Franklin,,519782,1,0,0,0,0,0,0,0,0,0,0,0,0,,,
vaccinium_corymbosum,EW_Smith,,OA,5/8/1941,Massachusetts,Franklin,,519783,0,0,1,0,0,0,0,0,0,0,0,0,0,,,
vaccinium_corymbosum,FC_Seymour,3506,GH,5/12/1930,Massachusetts,Hampshire,,519784,0,0,0,0,0,0,0,0,0,0,0,0,0,,,
vaccinium_corymbosum,FC_Seymour,3507,GH,5/12/1930,Massachusetts,Hampshire,,519785,0,0,0,0,0,0,0,0,0,0,0,0,0,,,
vaccinium_corymbosum,"AS_Goodale, WC_Markert, RH_Piper",57153,NEBC,7/27/1929,Massachusetts,Hampshire,,519787,0,0,0,0,0,0,0,0,0,0,0,0,0,,,
vaccinium_corymbosum,"AS_Goodale, WC_Markert, RH_Piper",,NEBC,7/21/1931,Massachusetts,Hampshire,,519788,0,0,4,0,0,0,0,0,0,0,0,0,0,,,
vaccinium_corymbosum,HE_Ahles,86542,NEBC,5/12/1979,Massachusetts,Hampshire,,519789,0,0,0,0,0,0,0,0,0,0,0,0,0,,,
vaccinium_corymbosum,"FT_Hubbard, GS_Torrey",T364,NEBC,5/17/1913,Massachusetts,Hampshire,,519790,0,1,0,0,0,0,0,0,0,0,0,0,0,,,
vaccinium_corymbosum,"AS_Goodale, SF_Potsubay, FR_StJohn",,NEBC,8/13/1931,Massachusetts,Hampshire,,519791,3,1,0,1,0,0,0,0,0,0,0,0,0,,,
vaccinium_corymbosum,"AS_Goodale, SF_Potsubay, FR_StJohn",,NEBC,6/29/1931,Massachusetts,Hampshire,,519792,2,0,0,0,0,0,0,0,0,0,0,0,0,,,
vaccinium_corymbosum,FG_Floyd,,NEBC,5/28/1915,Massachusetts,Hampshire,,519793,0,0,0,0,0,0,0,0,0,0,0,0,0,,,
vaccinium_corymbosum,"FF_Forbes, LA_Wheeler",,NEBC,5/17/1913,Massachusetts,Hampshire,,519794,0,0,0,0,0,0,0,0,0,0,0,0,0,,,
vaccinium_corymbosum,EJ_Palmer,46835,AA,8/6/1943,Massachusetts,Hampshire,,519795,1,1,1,0,0,0,0,0,0,0,0,0,0,,,
vaccinium_corymbosum,BL_Robinson,706,GH,8/13/1912,Massachusetts,Hampshire,,519796,2,0,0,0,0,0,0,0,0,0,0,0,0,,,
vaccinium_corymbosum,BL_Robinson,705,GH,8/13/1912,Massachusetts,Hampshire,,519797,4,0,0,0,0,0,0,0,0,0,0,0,0,,,
vaccinium_corymbosum,CH_Knowlton,,NEBC,5/20/1916,Massachusetts,Hampden,,519798,0,0,0,0,0,0,0,0,0,0,0,0,0,,,
vaccinium_corymbosum,"CH_Knowlton, FW_Hunnewell",,NEBC,5/17/1913,Massachusetts,Hampden,,519799,2,0,0,0,0,0,0,0,0,0,0,0,0,,,
vaccinium_corymbosum,"AF_Hill, H_StJohn",,NEBC,5/18/1913,Massachusetts,Hampden,,519800,0,0,0,0,0,0,0,0,0,0,0,0,0,,,
vaccinium_corymbosum,"H_StJohn, D_White",,NEBC,5/17/1913,Massachusetts,Hampden,,519801,0,0,0,0,0,0,0,0,0,0,0,0,0,,,
vaccinium_corymbosum,"CH_Knowlton, FW_Hunnewell",,NEBC,5/17/1913,Massachusetts,Hampden,,519802,0,0,0,0,0,0,0,0,0,0,0,0,0,,,
vaccinium_corymbosum,"J_MurdochJr, C_Schweinfurth",,NEBC,5/17/1913,Massachusetts,Hampden,,519803,0,0,0,0,0,0,0,0,0,0,0,0,0,,,
vaccinium_corymbosum,L_Andrews,,NEBC,6/17/1914,Massachusetts,Hampden,,519804,1,2,0,0,0,0,0,0,0,0,0,0,0,,,
vaccinium_corymbosum,"CA_Weatherby, FT_Hubbard",,NEBC,5/18/1913,Massachusetts,Hampden,,519805,0,0,0,0,0,0,0,0,0,0,0,0,0,,,
vaccinium_corymbosum,CA_Weatherby,2942,NEBC,5/18/1913,Massachusetts,Hampden,,519806,0,0,1,0,0,0,0,0,0,0,0,0,0,,,
vaccinium_corymbosum,"ML_Fernald, FW_Hunnewell",,NEBC,5/16/1913,Massachusetts,Hampden,,519807,0,0,0,0,0,0,0,0,0,0,0,0,0,,,
vaccinium_corymbosum,"RA_Clark, FC_Seymour",G1018,GH,7/23/1930,Massachusetts,Hampden,,519808,1,2,0,0,0,0,0,0,0,0,0,0,0,,,
vaccinium_corymbosum,"ML_Fernald, FW_Hunnewell",,NEBC,7/16/1913,Massachusetts,Hampden,,519809,0,0,0,0,0,0,0,0,0,0,0,0,0,,,
vaccinium_corymbosum,JR_Churchill,,NEBC,7/8/1920,Massachusetts,Berkshire,,519810,1,1,0,0,0,0,0,0,0,0,0,0,0,,,
vaccinium_corymbosum,R_Hoffman,,NEBC,9/23/1904,Massachusetts,Berkshire,,519811,2,1,0,0,0,0,0,0,0,0,0,0,0,,,
vaccinium_corymbosum,AK_Harrison,,NEBC,8/5/1941,Massachusetts,Berkshire,,519812,4,0,0,0,0,0,0,0,0,0,0,0,0,,,
vaccinium_corymbosum,R_Hoffman,,NEBC,6/5/1920,Massachusetts,Berkshire,,519813,0,0,0,0,0,0,0,0,0,0,0,0,0,,,
vaccinium_corymbosum,RC_Bean,19326,NEBC,5/31/1919,Massachusetts,Berkshire,,519814,0,0,0,0,0,0,0,0,0,0,0,0,0,,,
vaccinium_corymbosum,JR_Churchill,,NEBC,8/13/1915,Massachusetts,Berkshire,,519815,1,0,0,0,0,0,0,0,0,0,0,0,0,,,
vaccinium_corymbosum,R_Hoffman,,NEBC,7/13/1909,Massachusetts,Berkshire,,519816,0,1,0,0,0,0,0,0,0,0,0,0,0,,,
vaccinium_corymbosum,R_Hoffman,,NEBC,9/1/1919,Massachusetts,Berkshire,,519817,1,2,0,0,0,0,0,0,0,0,0,0,0,,,
vaccinium_corymbosum,EJ_Palmer,40062,AA,5/29/1932,Massachusetts,Berkshire,,519818,0,0,0,0,0,0,0,0,0,0,0,0,0,,,
vaccinium_corymbosum,"JR_Churchill, CH_Knowlton, C_Schneider",,NEBC,5/29/1919,Massachusetts,Berkshire,,519819,0,0,0,0,0,0,0,0,0,0,0,0,0,,,
vaccinium_corymbosum,JR_Churchill,,NEBC,8/4/1916,Massachusetts,Berkshire,,519820,2,1,0,0,0,0,0,0,0,0,0,0,0,,,
vaccinium_corymbosum,R_Hoffman,,NEBC,8/7/1911,Massachusetts,Berkshire,,519821,0,0,0,0,0,0,0,0,0,0,0,0,0,,,
vaccinium_corymbosum,R_Hoffman,,NEBC,7/22/1912,Massachusetts,Berkshire,,519822,0,0,1,0,0,0,0,0,0,0,0,0,0,,,
vaccinium_corymbosum,R_Hoffman,,NEBC,6/4/1920,Massachusetts,Berkshire,,519823,1,0,0,0,0,0,0,0,0,0,0,0,0,,,
vaccinium_corymbosum,R_Hoffman,,NEBC,8/27/1902,Massachusetts,Berkshire,,519824,1,1,4,0,0,0,0,0,0,0,0,0,0,,,
vaccinium_corymbosum,JR_Churchill,,NEBC,7/4/1920,Massachusetts,Berkshire,,519825,0,0,0,0,0,0,0,0,0,0,0,0,0,,,
vaccinium_corymbosum,"RC_Bean, ML_Fernald",,NEBC,5/30/1919,Massachusetts,Berkshire,,519826,1,0,0,0,0,0,0,0,0,0,0,0,0,,,
vaccinium_corymbosum,R_Hoffman,,NEBC,8/27/1902,Massachusetts,Berkshire,,519827,1,2,4,0,0,0,0,0,0,0,0,0,0,,,
vaccinium_corymbosum,"AW_Evans, ML_Fernald, CH_Knowlton",,NEBC,5/31/1919,Massachusetts,Berkshire,,519828,1,0,0,0,0,0,0,0,0,0,0,0,0,,,
vaccinium_corymbosum,"AW_Evans, ML_Fernald, CH_Knowlton",,NEBC,5/31/1919,Massachusetts,Berkshire,,519829,0,0,0,0,0,0,0,0,0,0,0,0,0,,,
vaccinium_corymbosum,"AW_Evans, ML_Fernald, CH_Knowlton",,NEBC,5/31/1919,Massachusetts,Berkshire,,519830,3,0,0,0,0,0,0,0,0,0,0,0,0,,,
vaccinium_corymbosum,TJS_Whitfeld,907,NEBC,5/20/2014,Rhode Island,Providence,,1047026,0,0,0,0,0,0,0,0,0,0,0,0,0,,,
vaccinium_corymbosum,LJ_Mehrhoff,22667,NEBC,5/17/2006,Rhode Island,Providence,,519831,2,0,0,0,0,0,0,0,0,0,0,0,0,,,
vaccinium_corymbosum,EJ_Palmer,45690,NEBC,5/8/1942,Rhode Island,Providence,,519832,1,0,0,0,0,0,0,0,0,0,0,0,0,,,
vaccinium_corymbosum,EJ_Palmer,45560,AA,8/23/1941,Rhode Island,Providence,,519833,1,0,1,0,0,0,0,0,0,0,0,0,0,,,
vaccinium_corymbosum,EJ_Palmer,46112,AA,6/14/1942,Rhode Island,Providence,,519834,1,0,0,0,0,0,0,0,0,0,0,0,0,,,
vaccinium_corymbosum,CH_Knowlton,,NEBC,5/30/1911,Rhode Island,Providence,,519837,4,0,0,0,0,0,0,0,0,0,0,0,0,,,
vaccinium_corymbosum,FW_Hunnewell,12043,NEBC,7/19/1931,Rhode Island,Providence,,519838,0,0,1,0,0,0,0,0,0,0,0,0,0,,,
vaccinium_corymbosum,JF_Collins,,GH,5/18/1892,Rhode Island,Providence,,519840,0,0,0,0,0,0,0,0,0,0,0,0,0,,,
vaccinium_corymbosum,CH_Knowlton,,NEBC,7/23/1911,Rhode Island,Providence,,519841,0,0,0,0,0,0,0,0,0,0,0,0,0,,,
vaccinium_corymbosum,T_Hope,,NEBC,9/24/1916,Rhode Island,Providence,,519843,3,0,0,0,0,0,0,0,0,0,0,0,0,,,
vaccinium_corymbosum,JF_Collins,,NEBC,5/30/1911,Rhode Island,Providence,,519845,1,0,0,0,0,0,0,0,0,0,0,0,0,,,
vaccinium_corymbosum,FW_Hunnewell,4133,NEBC,5/21/1916,Rhode Island,Providence,,519846,0,0,0,0,0,0,0,0,0,0,0,0,0,,,
vaccinium_corymbosum,EJ_Palmer,45665,AA,8/31/1941,Rhode Island,Providence,,519847,3,0,0,0,0,0,0,0,0,0,0,0,0,,,
vaccinium_corymbosum,EB_Chamberlain,,NEBC,5/12/1900,Rhode Island,Providence,,519848,0,0,0,0,0,0,0,0,0,0,0,0,0,,,
vaccinium_corymbosum,EB_Chamberlain,,NEBC,5/21/1900,Rhode Island,Providence,,519849,1,0,0,0,0,0,0,0,0,0,0,0,0,,,
vaccinium_corymbosum,T_Hope,,NEBC,5/17/1919,Rhode Island,Providence,,519850,0,0,0,0,0,0,0,0,0,0,0,0,0,,,
vaccinium_corymbosum,EB_Chamberlain,,NEBC,5/22/1901,Rhode Island,Providence,,519854,0,0,0,0,0,0,0,0,0,0,0,0,0,,,
vaccinium_corymbosum,KM_Wiegard,1026,NEBC,5/30/1911,Rhode Island,Providence,,519855,1,0,0,0,0,0,0,0,0,0,0,0,0,,,
vaccinium_corymbosum,"SF_Cook, DH_Linder",,NEBC,6/10/1922,Rhode Island,Providence,,519857,0,0,0,0,0,0,0,0,0,0,0,0,0,,,
vaccinium_corymbosum,GH_Leland,,NEBC,5/24/1926,Rhode Island,Providence,,519856,0,0,0,0,0,0,0,0,0,0,0,0,0,,,
vaccinium_corymbosum,EJ_Winslow,,NEBC,5/30/1911,Rhode Island,Bristol,,519858,1,0,1,0,0,0,0,0,0,0,0,0,0,,,
vaccinium_corymbosum,EJ_Winslow,,NEBC,5/30/1911,Rhode Island,Bristol,,519859,2,0,0,0,0,0,0,0,0,0,0,0,0,,,
vaccinium_corymbosum,EA_Mearns,344,GH,9/12/1901,Rhode Island,Newport,,519890,3,1,0,0,0,0,0,0,0,0,0,0,0,,,
vaccinium_corymbosum,EA_Mearns,566,GH,8/24/1901,Rhode Island,Newport,,519861,2,1,0,0,0,0,0,0,0,0,0,0,0,,,
vaccinium_corymbosum,SNF_Sanford,,NEBC,7/28/1925,Rhode Island,Newport,,519862,5,0,0,0,0,0,0,0,0,0,0,0,0,,,
vaccinium_corymbosum,EJ_Palmer,44728A,AA,5/27/1999,Rhode Island,Newport,,519863,0,1,0,0,0,0,0,0,0,0,0,0,0,,,
vaccinium_corymbosum,EB_Harger,,NEBC,8/12/1914,Rhode Island,Kent,,519865,3,3,0,0,0,0,0,0,0,0,0,0,0,,,
vaccinium_corymbosum,TJS_Whitfeld,906,NEBC,5/20/2015,Rhode Island,Washington,,1047006,1,0,0,0,0,0,0,0,0,0,0,0,0,,,
vaccinium_corymbosum,GH_Leland,,NEBC,5/27/1883,Rhode Island,Washington,"not random, only 3 boxes",519866,0,0,0,0,0,0,0,0,0,0,0,0,0,,,
vaccinium_corymbosum,GH_Leland,,NEBC,5/27/1883,Rhode Island,Washington,"not random, only 5 boxes",519867,0,0,0,0,0,0,0,0,0,0,0,0,0,,,
vaccinium_corymbosum,"JP_Bill, RJ_Eaton, FA_Gilbert, JR_Churchill, JH_Emerton,  A_Rehder, LB_Smith",,NEBC,6/10/1927,Rhode Island,Washington,,519868,3,0,0,0,0,0,0,0,0,0,0,0,0,,,
vaccinium_corymbosum,"JF_Collins, ML_Fernald",11405,NEBC,9/5/1914,Rhode Island,Washington,,519869,4,0,0,0,0,0,0,0,0,0,0,0,0,,,
vaccinium_corymbosum,"JP_Bill, RJ_Eaton, FA_Gilbert, JR_Churchill, JH_Emerton,  A_Rehder, LB_Smith",,AA,6/10/1927,Rhode Island,Washington,,519870,0,0,0,0,0,0,0,0,0,0,0,0,0,,,
vaccinium_corymbosum,"JP_Bill, RJ_Eaton, FA_Gilbert, JR_Churchill, JH_Emerton,  A_Rehder, LB_Smith",,AA,6/10/1927,Rhode Island,Washington,,519871,1,0,1,0,0,0,0,0,0,0,0,0,0,,,
vaccinium_corymbosum,"JP_Bill, RJ_Eaton, FA_Gilbert, JR_Churchill, JH_Emerton,  A_Rehder, LB_Smith",,AA,6/11/1927,Rhode Island,Washington,,519872,0,0,0,0,0,0,0,0,0,0,0,0,0,,,
vaccinium_corymbosum,"JP_Bill, RJ_Eaton, FA_Gilbert, JR_Churchill, JH_Emerton,  A_Rehder, LB_Smith",,AA,6/11/1927,Rhode Island,Washington,,519873,2,0,0,0,0,0,0,0,0,0,0,0,0,,,
vaccinium_corymbosum,"JP_Bill, RJ_Eaton, FA_Gilbert, JR_Churchill, JH_Emerton,  A_Rehder, LB_Smith",,AA,6/10/1927,Rhode Island,Washington,,519874,1,0,0,0,0,0,0,0,0,0,0,0,0,,,
vaccinium_corymbosum,"JP_Bill, RJ_Eaton, FA_Gilbert, JR_Churchill, JH_Emerton,  A_Rehder, LB_Smith",,AA,6/10/1927,Rhode Island,Washington,,519875,3,0,0,0,0,0,0,0,0,0,0,0,0,,,
vaccinium_corymbosum,"JP_Bill, RJ_Eaton, FA_Gilbert, JR_Churchill, JH_Emerton,  A_Rehder, LB_Smith",,AA,6/10/1927,Rhode Island,Washington,,519876,1,0,0,0,0,0,0,0,0,0,0,0,0,,,
vaccinium_corymbosum,"ML_Fernald, JF_Collins",,NEBC,8/30/1919,Rhode Island,Washington,,519877,0,0,0,0,0,0,0,0,0,0,0,0,0,,,
vaccinium_corymbosum,GH_Leland,,NEBC,5/27/1883,Rhode Island,Washington,,519878,0,0,0,0,0,0,0,0,0,0,0,0,0,,,
vaccinium_corymbosum,"ML_Fernald, JF_Collins",,NEBC,8/30/1919,Rhode Island,Washington,,519879,0,0,0,0,0,0,0,0,0,0,0,0,0,,,
vaccinium_corymbosum,"ML_Fernald, JF_Collins",,NEBC,8/30/1919,Rhode Island,Washington,,519880,1,0,1,0,0,0,0,0,0,0,0,0,0,,,
vaccinium_corymbosum,"ML_Fernald, JF_Collins",,NEBC,8/30/1919,Rhode Island,Washington,,519881,0,0,0,0,0,0,0,0,0,0,0,0,0,,,
vaccinium_corymbosum,"CA_Weatherby, JF_Collins",,NEBC,8/31/1919,Rhode Island,Washington,,519882,5,4,0,0,0,0,0,0,0,0,0,0,0,,,
vaccinium_corymbosum,"ML_Fernald, FW_Hunnewell, B_Long",10176,AA,8/21/1913,Rhode Island,Newport,,519883,4,0,1,0,0,0,0,0,0,0,0,0,0,,,
vaccinium_corymbosum,"ML_Fernald, FW_Hunnewell, B_Long",10176,GH,8/21/1913,Rhode Island,Newport,,519884,0,0,1,0,0,0,0,0,0,0,0,0,0,,,
vaccinium_corymbosum,"ML_Fernald, FW_Hunnewell, B_Long",10175,AA,8/21/1913,Rhode Island,Newport,,519885,0,2,3,0,0,0,0,0,0,0,0,0,0,,,
vaccinium_corymbosum,"ML_Fernald, B_Long",10172,NEBC,8/19/1913,Rhode Island,Newport,,519886,1,1,0,0,0,0,0,0,0,0,0,0,0,,,
vaccinium_corymbosum,"ML_Fernald, FW_Hunnewell, B_Long",10176,NEBC,8/21/1913,Rhode Island,Newport,,519887,3,1,0,0,0,0,0,0,0,0,0,0,0,,,
vaccinium_corymbosum,"ML_Fernald, FW_Hunnewell, B_Long",10175,NEBC,8/21/1913,Rhode Island,Newport,,519888,4,2,5,0,0,0,0,0,0,0,0,0,0,,,
vaccinium_corymbosum,CB_Graves,,NEBC,8/10/1919,Rhode Island,Newport,,519889,4,1,0,0,0,0,0,0,0,0,0,0,0,,,
vaccinium_corymbosum,"ML_Fernald, FW_Hunnewell, B_Long",10184,NEBC,8/21/1913,Rhode Island,Newport,,519890,3,0,2,0,0,0,0,0,0,0,0,0,0,,,
vaccinium_corymbosum,CH_Bissell,,NEBC,8/11/1914,Connecticut,Windham,,519892,0,0,1,0,0,0,0,0,0,1,0,0,0,,,
vaccinium_corymbosum,FW_Hunnewell,12658,NEBC,5/27/1933,Connecticut,Windham,,519893,2,0,0,0,0,0,0,0,0,0,0,0,0,,,
vaccinium_corymbosum,"RJ_Eaton, NC_Bassett",,NEBC,6/10/1923,Connecticut,Windham,,519894,0,0,0,0,0,0,0,0,0,0,0,0,0,,,
vaccinium_corymbosum,FW_Hunnewell,12646,NEBC,5/27/1933,Connecticut,Windham,,519895,0,0,0,0,0,0,0,0,0,0,0,0,0,,,
vaccinium_corymbosum,CA_Weatherby,4860,NEBC,5/17/1921,Connecticut,Windham,,519896,1,0,0,0,0,0,0,0,0,1,0,0,0,,,
vaccinium_corymbosum,CA_Weatherby,4680,NEBC,5/17/1921,Connecticut,Windham,,519897,0,0,0,0,0,0,0,0,0,0,0,0,0,,,
vaccinium_corymbosum,"JR_Churchill, EB_Lane",,NEBC,6/10/1922,Connecticut,Windham,,519898,1,0,0,0,0,0,0,0,0,0,0,0,0,,,
vaccinium_corymbosum,CA_Weatherby,4859,NEBC,5/17/1921,Connecticut,Windham,,519899,0,0,0,0,0,0,0,0,0,0,0,0,0,,,
vaccinium_corymbosum,EB_Harger,,NEBC,6/20/1908,Connecticut,Windham,,519900,0,3,0,0,0,0,0,0,0,0,0,0,0,,,
vaccinium_corymbosum,RW_Woodward,,GH,5/21/1909,Connecticut,New London,,519901,0,0,0,0,0,0,0,0,0,0,0,0,0,,,
vaccinium_corymbosum,RW_Woodward,,GH,7/16/1908,Connecticut,New London,,519902,2,0,1,0,0,0,0,0,0,0,0,0,0,,,
vaccinium_corymbosum,RW_Woodward,,NEBC,7/15/1908,Connecticut,New London,,519903,0,0,0,0,0,0,0,0,0,0,0,0,0,,,
vaccinium_corymbosum,RW_Woodward,,NEBC,7/15/1908,Connecticut,New London,,519904,0,1,2,0,0,0,0,0,0,0,0,0,0,,,
vaccinium_corymbosum,SR_Hill,,GH,8/3/1988,Connecticut,New London,,519905,1,0,0,0,0,0,0,0,0,0,0,0,0,,,
vaccinium_corymbosum,SR_Hill,,GH,5/13/1992,Connecticut,New London,,519906,0,0,0,0,0,0,0,0,0,0,0,0,0,,,
vaccinium_corymbosum,SR_Hill,,GH,7/18/1990,Connecticut,New London,,519907,0,0,0,3,0,0,0,0,0,1,0,0,0,,,
vaccinium_corymbosum,CA_Weatherby,3297,NEBC,8/20/1913,Connecticut,New London,,519908,0,0,0,0,0,0,0,0,0,0,0,0,0,,,
vaccinium_corymbosum,CA_Weatherby,2241,NEBC,7/22/1907,Connecticut,Tolland,,519909,0,0,0,0,0,0,0,0,0,0,0,0,0,,,
vaccinium_corymbosum,AW_Driggs,,NEBC,5/30/1902,Connecticut,Tolland,,519910,0,0,0,0,0,0,0,0,0,0,0,0,0,,,
vaccinium_corymbosum,CA_Weatherby,2919,NEBC,5/15/1913,Connecticut,Tolland,,519911,0,0,0,0,0,0,0,0,0,0,0,0,0,,,
vaccinium_corymbosum,AW_Briggs,,GH,8/5/1901,Connecticut,Hartford,,519912,1,0,0,0,0,0,0,0,0,0,0,0,0,,,
vaccinium_corymbosum,P_Spalding,,NEBC,6/7/1919,Connecticut,Hartford,ul= caterpillar eggs,519913,2,0,1,0,0,0,0,0,0,0,0,0,0,,,
vaccinium_corymbosum,SR_Hill,,GH,5/12/1992,Connecticut,Hartford,,519915,0,0,0,0,0,0,0,0,0,0,0,0,0,,,
vaccinium_corymbosum,CA_Weatherby,1197,NEBC,9/6/1903,Connecticut,Hartford,,519916,1,1,0,0,0,0,0,0,0,0,0,0,0,,,
vaccinium_corymbosum,AW_Briggs,2422,NEBC,5/13/1903,Connecticut,Hartford,,519917,0,0,1,0,0,0,0,0,0,0,0,0,0,,,
vaccinium_corymbosum,FW_Hall,,NEBC,6/23/1873,Connecticut,Hartford,,519919,1,0,0,0,0,0,0,0,0,1,0,0,0,,,
vaccinium_corymbosum,CH_Bissell,,GH,7/16/1900,Connecticut,Hartford,,519920,5,2,1,0,0,0,0,0,0,0,0,0,0,,,
vaccinium_corymbosum,CH_Bissell,,GH,7/20/1901,Connecticut,Hartford,,519921,2,0,3,0,0,0,0,0,0,0,0,0,0,,,
vaccinium_corymbosum,CH_Bissell,,NEBC,7/20/1901,Connecticut,Hartford,,519922,2,0,2,0,0,0,0,0,0,0,0,0,0,,,
vaccinium_corymbosum,L_Andrews,,NEBC,5/16/1899,Connecticut,Hartford,,519923,2,0,0,0,0,0,0,0,0,0,0,0,0,,,
vaccinium_corymbosum,CH_Bissell,,NEBC,7/8/1897,Connecticut,Hartford,,519924,0,0,1,0,0,0,0,0,0,0,0,0,0,,,
vaccinium_corymbosum,CH_Bissell,,NEBC,5/20/1900,Connecticut,Hartford,,519925,2,0,0,0,0,0,0,0,0,0,0,0,0,,,
vaccinium_corymbosum,CH_Bissell,,NEBC,7/16/1900,Connecticut,Hartford,,519974,2,0,0,0,0,0,0,0,0,0,0,0,0,,,
vaccinium_corymbosum,M_Kalat,,GH,5/24/1932,Connecticut,Hartford,,519926,1,0,0,0,0,0,0,0,0,0,0,0,0,,,
vaccinium_corymbosum,CA_Weatherby,3659,NEBC,6/22/1915,Connecticut,Hartford,,519927,2,0,0,0,0,0,0,0,0,0,0,0,0,,,
vaccinium_corymbosum,AE_Blewitt,3491,NEBC,6/22/1915,Connecticut,Hartford,,519928,0,0,1,0,0,0,0,0,0,0,0,0,0,,,
vaccinium_corymbosum,"EJ_Winslow, AF_Hill",,NEBC,5/17/1913,Connecticut,Hartford,,519931,1,0,1,0,0,0,0,0,0,0,0,0,0,,,
vaccinium_corymbosum,CH_Bissell,,NEBC,7/7/1898,Connecticut,Hartford,,519972,1,2,0,0,0,0,0,0,0,0,0,0,0,,,
vaccinium_corymbosum,EJ_Thompson,,GH,8/1/1920,Connecticut,Hartford,,519932,0,2,0,0,0,0,0,0,0,0,0,0,0,,,
vaccinium_corymbosum,LJ_Mehrhoff,14628,NEBC,6/28/1991,Connecticut,Middlesex,,519933,3,0,2,0,0,0,0,0,0,0,0,0,0,,,
vaccinium_corymbosum,C_Chabot,,GH,5/12/1938,Connecticut,Hartford,,519934,0,0,2,0,0,0,0,0,0,0,0,0,0,,,
vaccinium_corymbosum,WM_Shepardson,,NEBC,7/16/1896,Connecticut,Hartford,,519936,0,0,0,0,0,0,0,0,0,0,0,0,0,,,
vaccinium_corymbosum,AL_Winton,,GH,5/21/1886,Connecticut,Hartford,,519937,1,0,0,0,0,0,0,0,0,0,0,0,0,,,
vaccinium_corymbosum,AE_Blewitt,1577,NEBC,7/28/1912,Connecticut,Hartford,,519938,1,0,0,0,0,0,0,0,0,0,0,0,0,,,
vaccinium_corymbosum,EB_Harger,1715,NEBC,7/22/1896,Connecticut,New Haven,,519940,4,0,0,0,0,0,0,0,0,0,0,0,0,,,
vaccinium_corymbosum,EB_Harger,6104,NEBC,7/9/1911,Connecticut,New Haven,,519941,1,0,0,0,0,0,0,0,0,0,0,0,0,,,
vaccinium_corymbosum,EB_Harger,,NEBC,7/22/1896,Connecticut,New Haven,,519942,3,0,0,0,0,0,0,0,0,0,0,0,0,,,
vaccinium_corymbosum,EB_Harger,1712,NEBC,7/22/1896,Connecticut,New Haven,,519943,2,0,0,0,0,0,0,0,0,0,0,0,0,,,
vaccinium_corymbosum,AE_Blewitt,1578,NEBC,8/4/1912,Connecticut,New Haven,,519944,2,0,0,0,0,0,0,0,0,0,0,0,0,,,
vaccinium_corymbosum,AE_Blewitt,1579,NEBC,8/14/1912,Connecticut,New Haven,,519945,1,1,0,0,0,0,0,0,0,2,0,0,0,,,
vaccinium_corymbosum,WM_Shepardson,,NEBC,7/11/1896,Connecticut,New Haven,,519948,2,2,0,0,0,0,0,0,0,0,0,0,0,,,
vaccinium_corymbosum,AE_Blewitt,1440,NEBC,7/12/1910,Connecticut,New Haven,,519947,2,0,0,0,0,0,0,0,0,0,0,0,0,,,
vaccinium_corymbosum,AE_Blewitt,3680,NEBC,5/28/1912,Connecticut,New Haven,,519949,1,0,0,0,0,0,0,0,0,0,0,0,0,,,
vaccinium_corymbosum,AE_Blewitt,1749,NEBC,5/28/1913,Connecticut,New Haven,,519950,0,0,1,0,0,0,0,0,0,0,0,0,0,,,
vaccinium_corymbosum,AE_Blewitt,876,NEBC,7/12/1910,Connecticut,New Haven,,519975,0,0,0,0,0,0,0,0,0,0,0,0,0,,,
vaccinium_corymbosum,AE_Blewitt,1751,NEBC,7/20/1913,Connecticut,New Haven,,519952,2,0,0,0,0,0,0,0,0,0,0,0,0,,,
vaccinium_corymbosum,AE_Blewitt,2115,NEBC,7/19/1914,Connecticut,New Haven,,519953,3,0,1,0,0,0,0,0,0,0,0,0,0,,,
vaccinium_corymbosum,AE_Blewitt,1576,NEBC,7/15/1912,Connecticut,Litchfield,,519954,2,0,2,0,0,0,0,0,0,0,0,0,0,,,
vaccinium_corymbosum,CA_Weatherby,4955,NEBC,7/24/1921,Connecticut,Litchfield,,519955,0,0,0,0,0,0,0,0,0,0,0,0,0,,,
vaccinium_corymbosum,C_Wright,,NEBC,5/27/1884,Connecticut,Litchfield,,519956,0,0,1,0,0,0,0,0,0,0,0,0,0,,,
vaccinium_corymbosum,CA_Weatherby,3205,NEBC,7/15/1913,Connecticut,Litchfield,,519957,3,0,1,0,0,0,0,0,0,0,0,0,0,,,
vaccinium_corymbosum,AE_Blewitt,1752,NEBC,7/12/1913,Connecticut,Litchfield,,519958,2,0,0,0,0,0,0,0,0,0,0,0,0,,,
vaccinium_corymbosum,EJ_Winslow,,NEBC,7/19/1912,Connecticut,Fairfield,,519959,0,0,1,0,0,0,0,0,0,0,0,0,0,,,
vaccinium_corymbosum,AH_Graves,,NEBC,7/20/1912,Connecticut,Fairfield,,519960,1,0,0,0,0,0,0,0,0,0,0,0,0,,,
vaccinium_corymbosum,AH_Graves,,NEBC,7/19/1912,Connecticut,Fairfield,,519961,3,1,0,0,0,0,0,0,0,0,0,0,0,,,
vaccinium_corymbosum,EH_Eames,,GH,7/19/1895,Connecticut,Fairfield,,519962,2,2,0,0,0,0,0,0,0,0,0,0,0,,,
vaccinium_corymbosum,EH_Eames,,NEBC,5/17/1895,Connecticut,Fairfield,,519963,1,0,0,0,0,0,0,0,0,0,0,0,0,,,
vaccinium_corymbosum,EH_Eames,,NEBC,7/24/1895,Connecticut,Fairfield,,519963,0,1,0,0,0,0,0,0,0,0,0,0,0,,,
vaccinium_corymbosum,EH_Eames,,NEBC,5/17/1896,Connecticut,Fairfield,"not random, only 3 boxes",519964,0,1,0,0,0,0,0,0,0,0,0,0,0,,,
vaccinium_corymbosum,EH_Eames,,NEBC,7/19/1896,Connecticut,Fairfield,,519964,3,0,0,0,0,0,0,0,0,0,0,0,0,,,
vaccinium_corymbosum,EH_Eames,,NEBC,5/17/1896,Connecticut,Fairfield,,519965,0,0,0,0,0,0,0,0,0,0,0,0,0,,,
vaccinium_corymbosum,CH_Bissell,,NEBC,8/24/1900,Connecticut,Fairfield,,519966,2,0,0,0,0,0,0,0,0,0,0,0,0,,,
vaccinium_corymbosum,EH_Eames,,GH,5/23/1914,Connecticut,Fairfield,,519967,0,0,1,0,0,0,0,0,0,0,0,0,0,,,
vaccinium_corymbosum,HS_Clark,,NEBC,5/13/1910,Connecticut,Fairfield,,519968,0,0,0,0,0,0,0,0,0,0,0,0,0,,,
vaccinium_corymbosum,JW_Adams,,GH,5/14/1926,Pennsylvania,Philadephia,,,0,0,0,0,0,0,0,0,0,0,0,0,0,,,
vaccinium_corymbosum,CD_Fretz,,GH,7/7/1915,Pennsylvania,Berks,,,4,0,0,0,0,0,0,0,0,0,0,0,0,,,
vaccinium_corymbosum,"AA_Heller, EG_Halbach",,GH,9/16/1892,Pennsylvania,Luzerne,,,4,1,0,0,0,0,0,0,0,0,0,0,0,,,
vaccinium_corymbosum,AA_Heller,,GH,6/11/1900,Pennsylvania,Lancaster,,,0,1,2,0,0,0,0,0,0,0,0,0,0,,,
vaccinium_corymbosum,HE_Stone,,GH,9/26/1926,Pennsylvania,Chester,,,0,3,0,0,0,0,0,0,0,0,0,0,0,,,
vaccinium_corymbosum,RL_SchaefferJr,,GH,5/9/1939,Pennsylvania,Montgomery ,,,0,0,0,0,0,0,0,0,0,0,0,0,0,,,
vaccinium_corymbosum,EB_Bartram,1573,AA,7/30/1911,Pennsylvania,Chester,,,2,1,0,0,0,0,0,0,0,0,0,0,0,,,
vaccinium_corymbosum,"JW_Adams, MT_Adams",,AA,5/31/1935,Pennsylvania,Montgomery ,,,2,0,0,0,0,0,0,0,0,0,0,0,0,,,
vaccinium_corymbosum,SL_Glowenke,,GH,7/10/1946,Pennsylvania,Lakawanna,,,2,0,0,0,0,0,0,0,0,0,0,0,0,,,
vaccinium_corymbosum,WH_Camp,574,N/A,6/1/1940,Pennsylvania,Centre,,,1,0,2,0,0,0,0,0,0,0,0,0,0,,,
vaccinium_corymbosum,WH_Camp,696,N/A,8/17/1938,Pennsylvania,Centre,,,2,0,0,0,0,0,0,0,0,0,0,0,0,,,
vaccinium_corymbosum,EB_Bartram,,AA,6/27/1908,Pennsylvania,Northampton,,,3,0,0,0,0,0,0,0,0,0,0,0,0,,,
vaccinium_corymbosum,EB_Bartram,,AA,7/19/1913,Pennsylvania,Bradford,,,4,0,2,0,0,0,0,0,0,0,0,0,0,,,
vaccinium_corymbosum,JK_Small,,GH,6/7/1889,Pennsylvania,Monroe,,,0,0,0,0,0,0,0,0,0,0,0,0,0,,,
vaccinium_corymbosum,SL_Glowenke,,GH,7/10/1946,Pennsylvania,Lakawanna,,,4,1,0,0,0,0,0,0,0,0,0,0,0,,,
vaccinium_corymbosum,"WM_Benner, JW_Adams",620,GH,7/28/1926,Pennsylvania,Philadephia,,,1,1,0,0,0,0,0,0,0,0,0,0,0,,,
vaccinium_corymbosum,WH_Camp,72,GH,8/17/1938,Pennsylvania,Centre,,,4,0,1,0,0,0,0,0,0,0,0,0,0,,,
vaccinium_corymbosum,WH_Camp,575,GH,6/1/1940,Pennsylvania,Centre,,,0,0,0,0,0,0,0,0,0,0,0,0,0,,,
vaccinium_corymbosum,JW_Adams,,AA,5/31/1934,Pennsylvania,Delaware,,,0,0,0,0,0,0,0,0,0,0,0,0,0,,,
vaccinium_corymbosum,JK_Small,,GH,8/15/1889,Pennsylvania,Luzerne,,,2,0,0,0,0,0,0,0,0,0,0,0,0,,,
vaccinium_corymbosum,HE_Stone,,GH,7/5/1926,Pennsylvania,Chester,,,2,0,0,0,0,0,0,0,0,0,0,0,0,,,
vaccinium_corymbosum,"JW_Adams, MT_Adams",,GH,5/5/1936,Pennsylvania,Philadephia,,,0,0,1,0,0,0,0,0,0,0,0,0,0,,,
vaccinium_corymbosum,H_Vrooman,,GH,6/6/1942,Pennsylvania,Clarion,,,2,0,0,0,0,0,0,0,0,0,0,0,0,,,
vaccinium_corymbosum,HE_Stone,,GH,7/5/1926,Pennsylvania,Chester,,,3,0,0,0,0,0,0,0,0,0,0,0,0,,,
vaccinium_corymbosum,JP_Kelly,,GH,6/25/1939,Pennsylvania,Bradford,,,1,0,0,0,0,0,0,0,0,0,0,0,0,,,
vaccinium_corymbosum,JW_Adams,,GH,6/23/1937,Pennsylvania,Carbon,,,2,0,0,0,0,0,0,0,0,0,0,0,0,,,
vaccinium_corymbosum,HE_Stone,,GH,5/30/1926,Pennsylvania,Burlington,,,0,1,1,0,0,0,0,0,0,0,0,0,0,,,
vaccinium_corymbosum,WM_Benner,,GH,5/22/1926,Pennsylvania,Philadephia,,,0,0,0,0,0,0,0,0,0,0,0,0,0,,,
vaccinium_corymbosum,JW_Adams,,GH,7/18/1937,Pennsylvania,Wayne,,,5,0,0,0,0,0,0,0,0,0,0,0,0,,,
vaccinium_corymbosum,JW_Adams,,GH,7/18/1937,Pennsylvania,Wanye,,,2,1,0,0,0,0,0,0,0,0,0,0,0,,,
vaccinium_corymbosum,JW_Adams,,GH,7/18/1937,Pennsylvania,Wayne,,,0,2,1,0,0,0,0,0,0,0,0,0,0,,,
vaccinium_corymbosum,MG_Henry,2998,AA,9/1/1941,Pennsylvania,Bradford,,,2,0,0,0,0,0,0,0,0,0,0,0,0,,,
vaccinium_corymbosum,RH_True,,AA,5/12/1935,Pennsylvania,Chester,,,0,0,0,0,0,0,0,0,0,0,0,0,0,,,
vaccinium_corymbosum,RL_SchaefferJr,14039,GH,7/14/1941,Pennsylvania,Northampton,,,4,2,0,0,0,0,0,0,0,0,0,0,0,,,
vaccinium_corymbosum,"JW_Adams, MT_Adams",1876,AA,5/5/1935,Pennsylvania,Philadephia,,,0,0,0,0,0,0,0,0,0,0,0,0,0,,,
vaccinium_corymbosum,EB_Bartram,1545,AA,6/18/1911,Pennsylvania,Chester,,,1,0,0,0,0,0,0,0,0,0,0,0,0,,,
vaccinium_corymbosum,JW_Adams,5344,AA,6/14/1940,Pennsylvania,Juniata,,,0,0,0,0,0,0,0,0,0,0,0,0,0,,,
vaccinium_corymbosum,OE_Jennings,4376,AA,5/18/1905,Pennsylvania,Crawford,,,0,0,0,0,0,0,0,0,0,0,0,0,0,,,
vaccinium_corymbosum,JW_Adams,3716,AA,7/18/1937,Pennsylvania,Wayne,,,1,0,1,0,0,0,0,0,0,0,0,0,0,,,
vaccinium_corymbosum,JW_Adams,4507,AA,6/10/1938,Pennsylvania,Bucks,,,0,0,0,0,0,0,0,0,0,0,0,0,0,,,
vaccinium_corymbosum,AA_Heller,,GH,7/24/1901,Pennsylvania,Lancaster,,,0,0,0,0,0,0,0,0,0,0,0,0,0,,,
vaccinium_corymbosum,I_Tidestrom,11450,GH,7/11/1923,Maryland,Cecil,,,4,0,2,0,0,0,0,0,0,0,0,0,0,,,
vaccinium_corymbosum,WR_Maxon,5847,GH,5/24/1912,Maryland,Prince George,,,0,0,1,0,0,0,0,0,0,0,0,0,0,,,
vaccinium_corymbosum,HE_Stone,,GH,5/8/1927,Maryland,Cecil,,,1,0,0,0,0,0,0,0,0,0,0,0,0,,,
vaccinium_corymbosum,I_Tidestrom,5815,GH,5/21/1912,Maryland,Talbot,,,0,0,0,0,0,0,0,0,0,0,0,0,0,,,
vaccinium_corymbosum,EC_Earle,1350,GH,4/25/1937,Maryland,Talbot,,,0,0,0,0,0,0,0,0,0,0,0,0,0,,,
vaccinium_corymbosum,I_Tidestrom,12097,GH,6/20/1924,Maryland,Wicomico,,,2,1,0,0,0,0,0,0,0,0,0,0,0,,,
vaccinium_corymbosum,I_Tidestrom,12234,GH,6/23/1924,Maryland,Wicomico,,,1,1,0,0,0,0,0,0,0,0,0,0,0,,,
vaccinium_corymbosum,I_Tidestrom,12259,GH,7/8/1924,Maryland,Wicomico,,,2,0,1,0,0,0,0,0,0,0,0,0,0,,,
vaccinium_corymbosum,I_Tidestrom,11883,GH,5/26/1924,Maryland,Kent,,,0,0,0,0,0,0,0,0,0,0,0,0,0,,,
vaccinium_corymbosum,"LF_Randolph, FR_Randolph",122,GH,6/9/1922,Maryland,Cecil,,,0,0,0,0,0,0,0,0,0,0,0,0,0,,,
vaccinium_corymbosum,SR_Hill,13581,GH,4/28/1984,Maryland,Worcester,,,0,0,0,0,0,0,0,0,0,0,0,0,0,,,
vaccinium_corymbosum,ES_Steele,,AA,5/31/1914,Maryland,Prince George,,,0,0,0,0,0,0,0,0,0,0,0,0,0,,,
vaccinium_corymbosum,I_Tidestrom,12003,GH,5/28/1924,Maryland,Prince George,,,2,0,0,0,0,0,0,0,0,0,0,0,0,,,
vaccinium_corymbosum,I_Tidestrom,1453,GH,7/11/1923,Maryland,Cecil,,,0,1,2,0,0,0,0,0,0,0,0,0,0,,,
vaccinium_corymbosum,I_Tidestrom,12057,GH,6/9/1924,Maryland,N/A,,,0,0,0,0,0,0,0,0,0,0,0,0,0,,,
vaccinium_corymbosum,SR_Hill,10446,GH,6/28/1981,Maryland,Anne Arundel,,,3,0,0,0,0,0,0,0,0,0,0,0,0,,,
vaccinium_corymbosum,I_Tidestrom,11859,GH,5/24/1924,Maryland,N/A,,,0,0,0,0,0,0,0,0,0,0,0,0,0,,,
vaccinium_corymbosum,I_Tidestrom,11708,GH,5/10/1924,Maryland,Cecil,,,0,0,0,0,0,0,0,0,0,0,0,0,0,,,
vaccinium_corymbosum,GH_Shull,122,GH,7/26/1902,Maryland,Kent,,,2,0,0,0,0,0,0,0,0,0,0,0,0,,,
vaccinium_corymbosum,TA_Williams,,GH,5/11/1897,Maryland,Montgomery ,,,0,0,0,0,0,0,0,0,0,0,0,0,0,,,
vaccinium_corymbosum,"PA_Rydberg, JT_Penny",,GH,6/13/1925,Virginia,Shenandoah,,,4,0,1,0,0,0,0,0,0,0,0,0,0,,,
vaccinium_corymbosum,"KM_Wiegard, WE_Manning",2449,GH,6/13/1927,Virginia,Southampton,,,3,2,0,0,0,0,0,0,0,0,0,0,0,,,
vaccinium_corymbosum,AA_Heller,927,GH,"July 7, 1893",Virginia,Isle of Wight,,,2,1,0,0,0,0,0,0,0,0,0,0,0,,,
vaccinium_corymbosum,RS_Freer,1338,GH,4/28/1947,Virginia,Campbell,,,0,0,0,0,0,0,0,0,0,0,0,0,0,,,
vaccinium_corymbosum,RS_Freer,1339,GH,4/28/1947,Virginia,Campbell,,,0,0,0,0,0,0,0,0,0,0,0,0,0,,,
vaccinium_corymbosum,"ML_Fernald, B_Long",6329,GH,7/28/1936,Virginia,Isle of Wight,,,2,0,2,0,0,0,0,0,0,0,0,0,0,,,
vaccinium_corymbosum,"ML_Fernald, B_Long, RF_Smart",5886,GH,6/22/1936,Virginia,Southampton,,,5,2,0,0,0,0,0,0,0,0,0,0,0,,,
vaccinium_corymbosum,"LF_Randolph, FR_Randolph",347,GH,6/26/1922,Virginia,Princess Anne,,,1,0,3,0,0,0,0,0,0,0,0,0,0,,,
vaccinium_corymbosum,JM_FoggJr,,GH,7/26/1937,Virginia,Giles,,,3,2,0,0,0,0,0,0,0,0,0,0,0,,,
vaccinium_corymbosum,"ML_Fernald, B_Long",10376,GH,6/23/1939,Virginia,Nansemond,,,4,4,0,0,1,0,0,0,0,0,0,0,0,,,
vaccinium_corymbosum,"NL_Britton, EG_Britton, AM_Vall",,AA,7/4/1892,Virginia,Norfolk,,,3,2,0,0,0,0,0,0,0,0,0,0,0,,,
vaccinium_corymbosum,"ML_Fernald, L_Griscom",4485,GH,5/6/1935,Virginia,Princess Anne,,,0,2,1,0,0,0,0,0,0,0,0,0,0,,,
vaccinium_corymbosum,"DM_Porter, HK_Svenson",836,GH,5/14/1963,Virginia,Sussex,,,1,0,0,0,0,0,0,0,0,0,0,0,0,,,
vaccinium_corymbosum,"DM_Porter, HK_Svenson",834,GH,5/14/1963,Virginia,Sussex,,,4,2,0,0,0,0,0,0,0,0,0,0,0,,,
vaccinium_corymbosum,"DM_Porter, HK_Svenson",828,GH,5/14/1963,Virginia,Sussex,,,1,0,0,0,0,0,0,0,0,0,0,0,0,,,
vaccinium_corymbosum,FR_Fosberg,51295,GH,5/11/1969,Virginia,Fairfax,,,0,0,0,0,0,0,0,0,0,0,0,0,0,,,
vaccinium_corymbosum,JT_BaldwinJr,132,GH,4/9/1939,Virginia,Norfolk,,,0,0,0,0,0,0,0,0,0,0,0,0,0,,,
vaccinium_corymbosum,JT_BaldwinJr,133,GH,4/9/1939,Virginia,Norfolk,,,1,0,0,0,0,0,0,0,0,0,0,0,0,,,
vaccinium_corymbosum,RW_Menzel,410,GH,4/20/1940,Virginia,James City,,,0,0,0,0,0,0,0,0,0,0,0,0,0,,,
vaccinium_corymbosum,RW_Menzel,414,GH,5/2/1940,Virginia,James City,,,0,0,0,0,0,0,0,0,0,0,0,0,0,,,
vaccinium_corymbosum,FR_Fosberg,46106,GH,5/16/1965,Virginia,Spottsylvania,,,0,0,0,0,0,0,0,0,0,0,0,0,0,,,
vaccinium_corymbosum,"ML_Fernald, B_Long",12159,GH,6/11/1940,Virginia,Norfolk,,,0,0,0,0,0,0,0,0,0,0,0,0,0,,,
vaccinium_corymbosum,EB_Bartram,,GH,5/31/1909,Virginia,Rockbridge,,,2,1,0,0,0,0,0,0,0,0,0,0,0,,,
vaccinium_corymbosum,ML_Fernald,14850,GH,5/11/1945,Virginia,Brunswick,,,2,0,0,0,0,0,0,0,0,0,0,0,0,,,
vaccinium_corymbosum,"KM_Wiegard, WE_Manning",2450,GH,6/12/1927,Virginia,Hanover,,,0,0,2,0,0,0,0,0,0,0,0,0,0,,,
vaccinium_corymbosum,"ML_Fernald, L_Griscom",4489,GH,5/5/1935,Virginia,Princess Anne,,,0,0,0,0,0,0,0,0,0,0,0,0,0,,,
vaccinium_corymbosum,"ML_Fernald, B_Long",4122,GH,8/4/1936,Virginia,Norfolk,,,2,1,0,0,0,0,0,0,0,0,0,0,0,,,
vaccinium_corymbosum,"LF_Randolph, FR_Randolph",310,GH,6/26/1922,Virginia,Princess Anne,,,1,1,0,0,0,0,0,0,0,0,0,0,0,,,
vaccinium_corymbosum,GG_Kennedy,,GH,5/7/1897,Virginia,Rockbridge,,,0,0,1,0,0,0,0,0,0,0,0,0,0,,,
vaccinium_corymbosum,"ML_Fernald, B_Long",10378,GH,6/19/1939,Virginia,Southampton,,,2,0,0,0,0,0,0,0,0,0,0,0,0,,,
vaccinium_corymbosum,"ML_Fernald, HE_Moore",15136,GH,6/5/1946,Virginia,Southampton,,,2,0,0,0,0,0,0,0,0,0,0,0,0,,,
vaccinium_corymbosum,"ML_Fernald, B_Long",7133,GH,4/8/1937,Virginia,Isle of Wight,,,0,0,0,0,0,0,0,0,0,0,0,0,0,,,
vaccinium_corymbosum,FR_Fosberg,15458,GH,6/21/1938,Virginia,Mecklenburg,,,5,0,0,0,0,0,0,0,0,0,0,0,0,,,
vaccinium_corymbosum,TJ_Rawinski,8526,GH,4/14/1989,Virginia,Virginia Beach,,,0,0,0,0,0,0,0,0,0,0,0,0,0,,,
vaccinium_corymbosum,HA_Allard,3373,GH,7/28/1937,Virginia,Prince William,,,1,0,0,0,0,0,0,0,0,0,0,0,0,,,
vaccinium_corymbosum,EJ_Grimes,3595,GH,5/19/1921,Virginia,Irvington,,,5,0,0,0,0,0,0,0,0,0,0,0,0,,,
vaccinium_corymbosum,"ML_Fernald, L_Griscom, B_Long",6663,GH,8/20/1936,Virginia,Isle of Wight,,,0,1,0,0,0,0,0,0,0,0,0,0,0,,,
vaccinium_corymbosum,"ML_Fernald, B_Long, EC_Abbe",14216,GH,4/20/1942,Virginia,Greensville,,,0,0,0,0,0,0,0,0,0,0,0,0,0,,,
vaccinium_corymbosum,"ML_Fernald, B_Long",10377,GH,6/19/1939,Virginia,Southampton,,,1,0,0,0,0,0,0,0,0,0,0,0,0,,,
vaccinium_corymbosum,ES_Steele,,AA,5/25/1913,Virginia,Arlington,,,2,0,0,0,0,0,0,0,0,0,0,0,0,,,
vaccinium_corymbosum,EP_Killip,7017,AA,5/16/1920,Virginia,Fairfax,,,1,0,0,0,0,0,0,0,0,0,0,0,0,,,
vaccinium_corymbosum,AA_Heller,927,AA,6/7/1893,Virginia,Isle of Wight,,,4,0,1,0,0,0,0,0,0,0,0,0,0,,,
vaccinium_corymbosum,AA_Heller,927,AA,6/7/1893,Virginia,Isle of Wight,,,4,0,3,0,0,0,0,0,0,0,0,0,0,,,
vaccinium_corymbosum,"ML_Fernald, B_Long, EC_Abbe",14218,GH,4/18/1942,Virginia,Norfolk,,,0,0,0,0,0,0,0,0,0,0,0,0,0,,,
vaccinium_corymbosum,HA_Allard,1024,GH,9/29/1935,Virginia,Fauquier,,,2,0,2,1,0,0,0,0,0,0,0,0,0,,,
vaccinium_corymbosum,JT_BaldwinJr,116,GH,4/8/1939,Virginia,Norfolk,,,0,0,0,0,0,0,0,0,0,0,0,0,0,,,
vaccinium_corymbosum,JT_BaldwinJr,139,GH,4/9/1939,Virginia,Norfolk,,,0,0,0,0,0,0,0,0,0,0,0,0,0,,,
vaccinium_corymbosum,RW_Menzel,415,GH,5/2/1940,Virginia,James City,,,0,0,2,0,0,0,0,0,0,0,0,0,0,,,
vaccinium_corymbosum,FR_Fosberg,15457,GH,6/21/1938,Virginia,Mecklenburg,,,1,2,0,0,0,0,0,0,0,0,0,0,0,,,
vaccinium_corymbosum,RE_Shanks,15211,GH,7/2/1950,Virginia,Giles,,,2,0,1,0,0,0,0,0,0,0,0,0,0,,,
vaccinium_corymbosum,"ML_Fernald, B_Long",11603,GH,10/12/1939,Virginia,Southampton,,,0,1,3,0,0,0,0,0,0,0,0,0,0,,,
vaccinium_corymbosum,AH_Howell,433,GH,8/1/1908,Virginia,Tazewell,,,2,0,2,0,0,0,0,0,0,0,0,0,0,,,
vaccinium_corymbosum,EP_Killip,6723,GH,8/30/1919,Virginia,Virginia Beach,,,0,0,0,0,0,0,0,0,0,0,0,0,0,,,
vaccinium_corymbosum,FR_Fosberg,38699,AA,5/5/1957,Virginia,Fairfax,,,1,0,0,0,0,0,0,0,0,0,0,0,0,,,
vaccinium_corymbosum,"ML_Fernald, B_Long",7569,GH,9/14/1937,Virginia,Southampton,,,2,5,2,0,0,0,0,0,0,0,0,0,0,,,
vaccinium_corymbosum,"ML_Fernald, B_Long",11892,GH,5/10/1940,Virginia,Isle of Wight,,,1,1,2,0,0,0,0,0,0,0,0,0,0,,,
vaccinium_corymbosum,"ML_Fernald, B_Long, EC_Abbe",14215,GH,4/18/1942,Virginia,Norfolk,,,0,0,0,0,0,0,0,0,0,0,0,0,0,,,
vaccinium_corymbosum,"ML_Fernald, B_Long, HE_Moore",15135,GH,6/5/1946,Virginia,Southampton,,,1,1,1,0,0,0,0,0,0,0,0,0,0,,,
vaccinium_corymbosum,"ML_Fernald, HE_Moore",15134,GH,6/6/1946,Virginia,Nansemond,,,1,0,1,0,0,0,0,0,0,0,0,0,0,,,
vaccinium_corymbosum,"ML_Fernald, B_Long",13104,GH,6/20/1941,Virginia,Nansemond,,,4,0,2,0,0,0,0,0,0,0,0,0,0,,,
vaccinium_corymbosum,FR_Fosberg,36283,AA,4/23/1955,Virginia,Nansemond,,,0,0,0,0,0,0,0,0,0,0,0,0,0,,,
vaccinium_corymbosum,"ML_Fernald, B_Long, EC_Abbe",14217,GH,4/18/1942,Virginia,Norfolk,,,1,0,1,0,0,0,0,0,0,0,0,0,0,,,
vaccinium_corymbosum,"ML_Fernald, B_Long",10379,GH,6/19/1939,Virginia,Southampton,,,5,1,0,0,0,0,0,0,0,0,0,0,0,,,
vaccinium_corymbosum,"ML_Fernald, B_Long",13105,GH,6/21/1941,Virginia,King William,,,2,0,0,0,0,0,0,0,0,0,0,0,0,,,
vaccinium_corymbosum,"PA_Rydberg, JT_Penny",,GH,7/17/1925,North Carolina,Yancey,,,0,3,0,0,0,0,0,0,0,0,0,0,0,,,
vaccinium_corymbosum,N/A,10616,GH,5/1/1897,North Carolina,Buncombe,,,0,0,0,0,0,0,0,0,0,0,0,0,0,,,
vaccinium_corymbosum,N/A,10616,GH,6/28/1897,North Carolina,Buncombe,,,1,1,0,0,0,0,0,0,0,0,0,0,0,,,
vaccinium_corymbosum,"RK_Godfrey, RN_White",7029,GH,4/4/1939,North Carolina,Nash,,,0,0,0,0,0,0,0,0,0,0,0,0,0,,,
vaccinium_corymbosum,AN_Leeds,2911,GH,5/8/1936,North Carolina,Dare,,,1,0,0,0,0,0,0,0,0,0,0,0,0,,,
vaccinium_corymbosum,SR_Hill,9765,GH,3/16/1981,North Carolina,Brunswick,,,0,0,0,0,0,0,0,0,0,0,0,0,0,,,
vaccinium_corymbosum,"WB_Fox, RK_Godfrey",2320,GH,6/11/1949,North Carolina,Dare,,,2,1,0,0,0,0,0,0,0,0,0,0,0,,,
vaccinium_corymbosum,"AE_Radford, JA_Duke",6479,GH,8/23/1952,North Carolina,Macon,,,0,2,5,0,0,0,0,0,0,0,0,0,0,,,
vaccinium_corymbosum,EA_Konopka,59,GH,4/27/1966,North Carolina,Orange,,,1,1,0,0,0,0,0,0,0,0,0,0,0,,,
vaccinium_corymbosum,"GJ_Galleta, S_Mueller",346744,GH,6/18/1968,North Carolina,Scotland,,,3,0,0,0,0,0,0,0,0,0,0,0,0,,,
vaccinium_corymbosum,N/A,,AA,9/15/1905,North Carolina,Macon,,,1,0,0,0,0,0,0,0,0,1,0,0,0,,,
vaccinium_corymbosum,N/A,4751a,GH,6/8/1897,North Carolina,Buncombe,,,1,0,0,0,0,0,0,0,0,0,0,0,0,,,
vaccinium_corymbosum,N/A,4751a,GH,8/12/1897,North Carolina,Buncombe,,,2,0,5,0,0,0,0,0,0,0,0,0,0,,,
vaccinium_corymbosum,JM_FoggJr,5473,GH,4/15/1933,North Carolina,Duplin,,,0,0,0,0,0,0,0,0,0,0,0,0,0,,,
vaccinium_corymbosum,"JK_Small, AA_Heller",283,GH,7/2/1891,North Carolina,Burke,,,4,0,0,0,0,0,0,0,0,1,0,0,0,,,
vaccinium_corymbosum,"J_Wen, S_Hill",932,AA,6/1/1991,North Carolina,Haywood,,,0,0,0,0,0,0,0,0,0,0,0,0,0,,,
vaccinium_corymbosum,RT_Clausen,,GH,8/22/1960,North Carolina,Haywood,,,0,1,5,0,0,0,0,0,0,0,0,0,0,,,
vaccinium_corymbosum,HW_Trudell,,AA,7/2/1920,North Carolina,Avery,,,0,0,0,0,0,0,0,0,0,0,0,0,0,,,
vaccinium_corymbosum,EJ_Palmer,42525,AA,5/25/1934,North Carolina,Yancey,,,2,0,0,0,0,0,0,0,0,0,0,0,0,,,
vaccinium_corymbosum,EJ_Palmer,42374,AA,5/17/1934,North Carolina,Richmond,,,2,0,0,0,0,0,0,0,0,0,0,0,0,,,
vaccinium_corymbosum,TG_Harbison,,AA,5/3/1916,North Carolina,Bladen,,,0,0,0,0,0,0,0,0,0,0,0,0,0,,,
vaccinium_corymbosum,EJ_Palmer,35429,AA,4/17/1929,North Carolina,Buncombe,,,0,0,0,0,0,0,0,0,0,0,0,0,0,,,
vaccinium_corymbosum,RK_Godfrey,3379,GH,4/10/1938,North Carolina,Sampson,,,0,0,1,0,0,0,0,0,0,0,0,0,0,,,
vaccinium_corymbosum,"RK_Godfrey, RN_White",7061,GH,4/5/1939,North Carolina,Beaufort,,,0,0,0,0,0,0,0,0,0,0,0,0,0,,,
vaccinium_corymbosum,JR_Churchill,,GH,4/19/1923,North Carolina,New Hanover,,,0,0,0,0,0,0,0,0,0,0,0,0,0,,,
vaccinium_corymbosum,"RK_Godfrey, RN_White",7062,GH,4/5/1939,North Carolina,Beaufort,,,0,0,1,0,0,0,0,0,0,0,0,0,0,,,
vaccinium_corymbosum,"KM_Wiegard, WE_Manning",2450,GH,6/17/1927,North Carolina,Pasquotank,,,0,3,0,0,0,0,0,0,0,0,0,0,0,,,
vaccinium_corymbosum,"KM_Wiegard, WE_Manning",2451,GH,6/18/1927,North Carolina,Perquimans,,,0,1,1,0,0,0,0,0,0,0,0,0,0,,,
vaccinium_corymbosum,"GJ_Galleta, DJ_Lambert, C_Luton",346590,GH,7/27/1967,North Carolina,Washington,,,1,0,1,0,0,0,0,0,0,0,0,0,0,,,